0.0475357211354,17-12-12-21-35
0.0471845801768,17-12-12-21-36
0.0471845801768,17-12-12-21-37
0.0471845801768,17-12-12-21-38
0.0471845801768,17-12-12-21-39
0.0482262468434,17-12-12-21-40
0.0458304495573,17-12-12-21-41
0.0456059826662,17-12-12-21-42
0.0432713568613,17-12-12-21-43
0.0440255719849,17-12-12-21-44
0.0440255719849,17-12-12-21-45
0.0440255719849,17-12-12-21-46
0.0432558263356,17-12-12-21-47
0.0413281154923,17-12-12-21-48
0.0413281154923,17-12-12-21-49
0.0391000030063,17-12-12-21-50
0.0391000030063,17-12-12-21-51
0.0391000030063,17-12-12-21-52
0.0356909120972,17-12-12-21-53
0.0356909120972,17-12-12-21-54
0.0339548009861,17-12-12-21-55
0.0359840217653,17-12-12-21-56
0.0359840217653,17-12-12-21-57
0.0367050653595,17-12-12-21-58
0.0367050653595,17-12-12-21-59
0.0381417336011,17-12-12-22-00
0.0372442810458,17-12-12-22-01
0.0391266339869,17-12-12-22-02
0.0375223559121,17-12-12-22-03
0.038273989899,17-12-12-22-04
0.0406299019608,17-12-12-22-05
0.0421394908386,17-12-12-22-06
0.0421394908386,17-12-12-22-07
0.0426352495544,17-12-12-22-08
0.0426352495544,17-12-12-22-09
0.0396940730838,17-12-12-22-10
0.0379783868093,17-12-12-22-11
0.0387300207962,17-12-12-22-12
0.0387300207962,17-12-12-22-14
0.0387300207962,17-12-12-22-15
0.0387300207962,17-12-12-22-16
0.0407086304219,17-12-12-22-17
0.0372496286393,17-12-12-22-18
0.0352442810458,17-12-12-22-19
0.0352442810458,17-12-12-22-20
0.0352442810458,17-12-12-22-21
0.0352442810458,17-12-12-22-22
0.0355918746286,17-12-12-22-23
0.0355918746286,17-12-12-22-24
0.0335865270351,17-12-12-22-25
0.0335865270351,17-12-12-22-26
0.0335865270351,17-12-12-22-27
0.0315811794415,17-12-12-22-28
0.0315811794415,17-12-12-22-29
0.0315811794415,17-12-12-22-30
0.030051165727,17-12-12-22-31
0.027981612098,17-12-12-22-32
0.027981612098,17-12-12-22-33
0.027981612098,17-12-12-22-34
0.027981612098,17-12-12-22-35
0.027540781377,17-12-12-22-36
0.027540781377,17-12-12-22-37
0.027540781377,17-12-12-22-38
0.0258789934226,17-12-12-22-39
0.0241781045752,17-12-12-22-40
0.0227341731266,17-12-12-22-41
0.0227341731266,17-12-12-22-42
0.0185759584481,17-12-12-22-43
0.0183672398139,17-12-12-22-44
0.0184409371493,17-12-12-22-45
0.0184409371493,17-12-12-22-46
0.0184409371493,17-12-12-22-47
0.0184409371493,17-12-12-22-48
0.0184409371493,17-12-12-22-49
0.0184409371493,17-12-12-22-50
0.0243668630752,17-12-12-22-51
0.0224729236813,17-12-12-22-52
0.0224729236813,17-12-12-22-53
0.0206234043734,17-12-12-22-54
0.0221094183594,17-12-12-22-55
0.0185868992119,17-12-12-22-56
0.0183848676987,17-12-12-22-57
0.0183848676987,17-12-12-22-58
0.01690265426,17-12-12-22-59
0.0148880607147,17-12-12-23-00
0.0142840771849,17-12-12-23-01
0.0158692221124,17-12-12-23-02
0.0158692221124,17-12-12-23-03
0.0158692221124,17-12-12-23-04
0.0123291867539,17-12-12-23-05
0.0139863837236,17-12-12-23-06
0.0139863837236,17-12-12-23-07
0.0139863837236,17-12-12-23-08
0.0104584468278,17-12-12-23-09
0.0104584468278,17-12-12-23-10
0.0104584468278,17-12-12-23-11
0.0153807471264,17-12-12-23-12
0.013268982438,17-12-12-23-13
0.0153372082898,17-12-12-23-14
0.0153372082898,17-12-12-23-15
0.0153372082898,17-12-12-23-16
0.0153372082898,17-12-12-23-17
0.0124636450714,17-12-12-23-18
0.00948110365014,17-12-12-23-19
0.00720837637741,17-12-12-23-20
0.00968707912458,17-12-12-23-21
0.00968707912458,17-12-12-23-22
0.00968707912458,17-12-12-23-23
0.00858295028941,17-12-12-23-24
0.00858295028941,17-12-12-23-25
0.0123301767677,17-12-12-23-26
0.00871590909091,17-12-12-23-27
0.00881384065373,17-12-12-23-28
0.0105711949036,17-12-12-23-29
0.00973484848485,17-12-12-23-30
0.0121294845002,17-12-12-23-31
0.0103344524793,17-12-12-23-32
0.0103344524793,17-12-12-23-33
0.0103344524793,17-12-12-23-34
0.00849399164054,17-12-12-23-35
0.0110372621564,17-12-12-23-36
0.0109103970742,17-12-12-23-37
0.0109103970742,17-12-12-23-38
0.0109103970742,17-12-12-23-39
0.0127329985906,17-12-12-23-40
0.0127329985906,17-12-12-23-41
0.0145984848485,17-12-12-23-42
0.0145984848485,17-12-12-23-43
0.0145984848485,17-12-12-23-44
0.0125931372549,17-12-12-23-45
0.0125931372549,17-12-12-23-46
0.0125931372549,17-12-12-23-47
0.0125931372549,17-12-12-23-48
0.0133447712418,17-12-12-23-49
0.0234242724868,17-12-12-23-50
0.0234242724868,17-12-12-23-52
0.0211879084967,17-12-12-23-53
0.0211879084967,17-12-12-23-54
0.0258447712418,17-12-12-23-55
0.0258447712418,17-12-12-23-56
0.0307768087855,17-12-12-23-57
0.0328545751634,17-12-12-23-58
0.031216480279,17-12-12-23-59
0.031216480279,17-12-13-00-00
0.0329898381404,17-12-13-00-01
0.0329898381404,17-12-13-00-02
0.0357508823171,17-12-13-00-03
0.0357508823171,17-12-13-00-04
0.0435822076184,17-12-13-00-05
0.0458921532397,17-12-13-00-06
0.0458921532397,17-12-13-00-07
0.0443543459284,17-12-13-00-08
0.0443543459284,17-12-13-00-09
0.0468622197586,17-12-13-00-10
0.0486251064866,17-12-13-00-11
0.0486251064866,17-12-13-00-12
0.0486251064866,17-12-13-00-13
0.0436597906779,17-12-13-00-14
0.0414039201539,17-12-13-00-15
0.0414039201539,17-12-13-00-16
0.0414039201539,17-12-13-00-17
0.0409168152109,17-12-13-00-18
0.0425943963444,17-12-13-00-19
0.0434060846561,17-12-13-00-20
0.0442177729678,17-12-13-00-21
0.0442177729678,17-12-13-00-22
0.0435530904281,17-12-13-00-23
0.0435530904281,17-12-13-00-24
0.0435530904281,17-12-13-00-25
0.0455823112073,17-12-13-00-26
0.0455823112073,17-12-13-00-27
0.0455823112073,17-12-13-00-28
0.0455823112073,17-12-13-00-29
0.0455823112073,17-12-13-00-30
0.0455823112073,17-12-13-00-31
0.0455823112073,17-12-13-00-32
0.0455823112073,17-12-13-00-33
0.0461314956797,17-12-13-00-34
0.0466940748953,17-12-13-00-35
0.0461314956797,17-12-13-00-36
0.0542673761424,17-12-13-00-37
0.0542673761424,17-12-13-00-38
0.0542673761424,17-12-13-00-39
0.0542673761424,17-12-13-00-40
0.0542673761424,17-12-13-00-41
0.0549211999513,17-12-13-00-42
0.0580838505537,17-12-13-00-43
0.060039418576,17-12-13-00-44
0.060039418576,17-12-13-00-45
0.060039418576,17-12-13-00-46
0.0618178738606,17-12-13-00-47
0.0618178738606,17-12-13-00-48
0.0679154348362,17-12-13-00-49
0.0679154348362,17-12-13-00-50
0.0679154348362,17-12-13-00-51
0.0679154348362,17-12-13-00-52
0.0691349470313,17-12-13-00-53
0.0734032397142,17-12-13-00-54
0.0734032397142,17-12-13-00-55
0.0734032397142,17-12-13-00-56
0.0734032397142,17-12-13-00-57
0.0699884648959,17-12-13-00-58
0.0734032397142,17-12-13-00-59
0.0773666543484,17-12-13-01-00
0.0764345259827,17-12-13-01-01
0.0746820615797,17-12-13-01-02
0.0746820615797,17-12-13-01-03
0.0746820615797,17-12-13-01-04
0.0746820615797,17-12-13-01-05
0.0746820615797,17-12-13-01-06
0.0746820615797,17-12-13-01-07
0.0758868808568,17-12-13-01-08
0.078641598916,17-12-13-01-09
0.078641598916,17-12-13-01-10
0.078641598916,17-12-13-01-11
0.078641598916,17-12-13-01-12
0.078641598916,17-12-13-01-13
0.078641598916,17-12-13-01-14
0.078641598916,17-12-13-01-15
0.0796124828532,17-12-13-01-16
0.0806076388889,17-12-13-01-17
0.0745604781997,17-12-13-01-18
0.0745604781997,17-12-13-01-19
0.0767534722222,17-12-13-01-20
0.079453485472,17-12-13-01-21
0.0822695707071,17-12-13-01-22
0.0811533052039,17-12-13-01-23
0.0811533052039,17-12-13-01-24
0.0811533052039,17-12-13-01-25
0.0829992967651,17-12-13-01-26
0.0840633903134,17-12-13-01-27
0.0840633903134,17-12-13-01-28
0.0840633903134,17-12-13-01-29
0.0811533052039,17-12-13-01-30
0.0811533052039,17-12-13-01-31
0.0811533052039,17-12-13-01-32
0.0811533052039,17-12-13-01-34
0.0811533052039,17-12-13-01-35
0.0811533052039,17-12-13-01-36
0.0811533052039,17-12-13-01-37
0.0811533052039,17-12-13-01-38
0.0811533052039,17-12-13-01-39
0.0811533052039,17-12-13-01-40
0.0798874824191,17-12-13-01-41
0.0798874824191,17-12-13-01-42
0.0798874824191,17-12-13-01-43
0.0798874824191,17-12-13-01-44
0.0798874824191,17-12-13-01-45
0.077729829945,17-12-13-01-46
0.0755721774709,17-12-13-01-47
0.0758775252525,17-12-13-01-48
0.0758775252525,17-12-13-01-49
0.0810858585859,17-12-13-01-50
0.080327666913,17-12-13-01-51
0.0793598636972,17-12-13-01-52
0.0793598636972,17-12-13-01-53
0.0776195691858,17-12-13-01-54
0.0736881005174,17-12-13-01-55
0.0736881005174,17-12-13-01-56
0.0745978301534,17-12-13-01-57
0.0745978301534,17-12-13-01-58
0.0770669659559,17-12-13-01-59
0.0770669659559,17-12-13-02-00
0.0770669659559,17-12-13-02-01
0.0770669659559,17-12-13-02-02
0.0761271249076,17-12-13-02-03
0.0785661492979,17-12-13-02-04
0.0785661492979,17-12-13-02-05
0.0797418630752,17-12-13-02-06
0.0797418630752,17-12-13-02-07
0.0807386363636,17-12-13-02-08
0.0807386363636,17-12-13-02-09
0.0807386363636,17-12-13-02-10
0.0787543153049,17-12-13-02-11
0.079763986014,17-12-13-02-12
0.079763986014,17-12-13-02-13
0.079763986014,17-12-13-02-14
0.079763986014,17-12-13-02-15
0.079763986014,17-12-13-02-16
0.079763986014,17-12-13-02-17
0.079763986014,17-12-13-02-18
0.0807998819362,17-12-13-02-19
0.079763986014,17-12-13-02-20
0.079763986014,17-12-13-02-21
0.0808323620824,17-12-13-02-22
0.0818821330185,17-12-13-02-23
0.0818821330185,17-12-13-02-24
0.0818821330185,17-12-13-02-25
0.0792847304211,17-12-13-02-26
0.0792847304211,17-12-13-02-27
0.0792847304211,17-12-13-02-28
0.0792847304211,17-12-13-02-29
0.0792847304211,17-12-13-02-30
0.0792847304211,17-12-13-02-31
0.0792847304211,17-12-13-02-32
0.0792847304211,17-12-13-02-33
0.0792847304211,17-12-13-02-34
0.0782994417863,17-12-13-02-35
0.0782994417863,17-12-13-02-36
0.0782994417863,17-12-13-02-37
0.0744221056721,17-12-13-02-38
0.0744221056721,17-12-13-02-39
0.0734800537016,17-12-13-02-40
0.0736208236208,17-12-13-02-41
0.0736208236208,17-12-13-02-42
0.0736208236208,17-12-13-02-43
0.0731400543901,17-12-13-02-44
0.0731400543901,17-12-13-02-45
0.08141996892,17-12-13-02-46
0.08141996892,17-12-13-02-47
0.0795503108003,17-12-13-02-48
0.0795503108003,17-12-13-02-49
0.0795503108003,17-12-13-02-50
0.0795503108003,17-12-13-02-51
0.0795503108003,17-12-13-02-52
0.0795503108003,17-12-13-02-53
0.0795503108003,17-12-13-02-54
0.0829496891997,17-12-13-02-55
0.0829496891997,17-12-13-02-56
0.0829496891997,17-12-13-02-57
0.0911823935558,17-12-13-02-58
0.0911823935558,17-12-13-02-59
0.0911823935558,17-12-13-03-00
0.0911823935558,17-12-13-03-01
0.0910353535354,17-12-13-03-02
0.0910353535354,17-12-13-03-03
0.0941217732884,17-12-13-03-04
0.0952982954545,17-12-13-03-05
0.0952982954545,17-12-13-03-06
0.0952982954545,17-12-13-03-07
0.0952982954545,17-12-13-03-08
0.0952982954545,17-12-13-03-09
0.0952982954545,17-12-13-03-10
0.0833664772727,17-12-13-03-11
0.085423681257,17-12-13-03-12
0.085423681257,17-12-13-03-13
0.085423681257,17-12-13-03-14
0.085423681257,17-12-13-03-15
0.085423681257,17-12-13-03-16
0.085423681257,17-12-13-03-17
0.0761644219978,17-12-13-03-19
0.0761644219978,17-12-13-03-20
0.0786335578002,17-12-13-03-21
0.0786335578002,17-12-13-03-22
0.0786335578002,17-12-13-03-23
0.0786335578002,17-12-13-03-24
0.0786335578002,17-12-13-03-25
0.0825526607539,17-12-13-03-26
0.0934343434343,17-12-13-03-27
0.0916305916306,17-12-13-03-28
0.0947426067908,17-12-13-03-29
0.0947426067908,17-12-13-03-30
0.0976764597191,17-12-13-03-31
0.0976764597191,17-12-13-03-32
0.0976764597191,17-12-13-03-33
0.0976764597191,17-12-13-03-34
0.0976764597191,17-12-13-03-35
0.0927095024317,17-12-13-03-36
0.0927095024317,17-12-13-03-37
0.0927095024317,17-12-13-03-38
0.0938683712121,17-12-13-03-39
0.0921638257576,17-12-13-03-40
0.0921638257576,17-12-13-03-41
0.0921638257576,17-12-13-03-42
0.0901658995013,17-12-13-03-43
0.104670118911,17-12-13-03-44
0.104670118911,17-12-13-03-45
0.104670118911,17-12-13-03-46
0.104670118911,17-12-13-03-47
0.103826728827,17-12-13-03-48
0.103826728827,17-12-13-03-49
0.103826728827,17-12-13-03-50
0.103826728827,17-12-13-03-51
0.105044112006,17-12-13-03-52
0.106390831391,17-12-13-03-53
0.102577725305,17-12-13-03-54
0.102577725305,17-12-13-03-55
0.102577725305,17-12-13-03-56
0.0986816214089,17-12-13-03-57
0.0986816214089,17-12-13-03-58
0.0978171134421,17-12-13-03-59
0.0983726689977,17-12-13-04-00
0.097436540732,17-12-13-04-01
0.0987186004785,17-12-13-04-02
0.09213965311,17-12-13-04-03
0.0947712320574,17-12-13-04-04
0.104701515152,17-12-13-04-05
0.104168181818,17-12-13-04-06
0.104168181818,17-12-13-04-07
0.111834848485,17-12-13-04-08
0.110445574163,17-12-13-04-09
0.110445574163,17-12-13-04-10
0.107117276663,17-12-13-04-11
0.107117276663,17-12-13-04-12
0.107523120819,17-12-13-04-13
0.107523120819,17-12-13-04-14
0.108044386169,17-12-13-04-15
0.108044386169,17-12-13-04-16
0.108044386169,17-12-13-04-17
0.106676735712,17-12-13-04-18
0.106676735712,17-12-13-04-19
0.108044386169,17-12-13-04-20
0.108044386169,17-12-13-04-21
0.10523989899,17-12-13-04-22
0.103359897678,17-12-13-04-23
0.101452020202,17-12-13-04-24
0.100167817415,17-12-13-04-25
0.103290719697,17-12-13-04-26
0.103290719697,17-12-13-04-27
0.103290719697,17-12-13-04-28
0.105113636364,17-12-13-04-29
0.106363636364,17-12-13-04-30
0.106363636364,17-12-13-04-31
0.106363636364,17-12-13-04-32
0.106363636364,17-12-13-04-33
0.106363636364,17-12-13-04-34
0.106363636364,17-12-13-04-35
0.106363636364,17-12-13-04-36
0.107710011507,17-12-13-04-37
0.107710011507,17-12-13-04-38
0.107710011507,17-12-13-04-39
0.109585730725,17-12-13-04-40
0.111461449942,17-12-13-04-41
0.111608391608,17-12-13-04-42
0.110024104683,17-12-13-04-43
0.108725403384,17-12-13-04-44
0.108725403384,17-12-13-04-45
0.108725403384,17-12-13-04-46
0.108725403384,17-12-13-04-47
0.112184509569,17-12-13-04-49
0.112184509569,17-12-13-04-50
0.112184509569,17-12-13-04-51
0.112184509569,17-12-13-04-52
0.110727567887,17-12-13-04-53
0.109552930622,17-12-13-04-54
0.109552930622,17-12-13-04-55
0.109552930622,17-12-13-04-56
0.109552930622,17-12-13-04-57
0.109552930622,17-12-13-04-58
0.106921351675,17-12-13-04-59
0.106921351675,17-12-13-05-00
0.102535386762,17-12-13-05-01
0.101203758363,17-12-13-05-02
0.098641637898,17-12-13-05-03
0.098641637898,17-12-13-05-04
0.0999062742813,17-12-13-05-05
0.100121507281,17-12-13-05-06
0.100121507281,17-12-13-05-07
0.100121507281,17-12-13-05-08
0.100121507281,17-12-13-05-09
0.0982275678867,17-12-13-05-10
0.0963336284927,17-12-13-05-11
0.0963336284927,17-12-13-05-12
0.101548544657,17-12-13-05-13
0.101548544657,17-12-13-05-14
0.101548544657,17-12-13-05-15
0.101548544657,17-12-13-05-16
0.101548544657,17-12-13-05-17
0.101548544657,17-12-13-05-18
0.101548544657,17-12-13-05-19
0.107414772727,17-12-13-05-20
0.107414772727,17-12-13-05-21
0.107414772727,17-12-13-05-22
0.107414772727,17-12-13-05-23
0.108846969697,17-12-13-05-24
0.108846969697,17-12-13-05-25
0.108846969697,17-12-13-05-26
0.108846969697,17-12-13-05-27
0.111773325359,17-12-13-05-28
0.111773325359,17-12-13-05-29
0.11495314992,17-12-13-05-30
0.108374202552,17-12-13-05-31
0.108374202552,17-12-13-05-32
0.108374202552,17-12-13-05-33
0.108374202552,17-12-13-05-34
0.111763636364,17-12-13-05-35
0.111763636364,17-12-13-05-36
0.111763636364,17-12-13-05-37
0.111763636364,17-12-13-05-38
0.111763636364,17-12-13-05-39
0.110293062201,17-12-13-05-40
0.103714114833,17-12-13-05-41
0.103714114833,17-12-13-05-42
0.103714114833,17-12-13-05-43
0.103714114833,17-12-13-05-44
0.103714114833,17-12-13-05-45
0.103714114833,17-12-13-05-46
0.103714114833,17-12-13-05-47
0.103714114833,17-12-13-05-48
0.103714114833,17-12-13-05-49
0.0986702551834,17-12-13-05-50
0.0986702551834,17-12-13-05-51
0.0986702551834,17-12-13-05-52
0.0986702551834,17-12-13-05-53
0.0986702551834,17-12-13-05-54
0.0986702551834,17-12-13-05-55
0.0986702551834,17-12-13-05-56
0.0986702551834,17-12-13-05-57
0.0986702551834,17-12-13-05-58
0.0953807814992,17-12-13-05-59
0.0981955922865,17-12-13-06-00
0.0981955922865,17-12-13-06-01
0.0981955922865,17-12-13-06-02
0.0981955922865,17-12-13-06-03
0.0931487956488,17-12-13-06-04
0.0945035885167,17-12-13-06-05
0.0945035885167,17-12-13-06-06
0.0945035885167,17-12-13-06-07
0.0957636363636,17-12-13-06-08
0.0957636363636,17-12-13-06-09
0.0957636363636,17-12-13-06-10
0.0957636363636,17-12-13-06-11
0.0957636363636,17-12-13-06-12
0.0957636363636,17-12-13-06-13
0.0957636363636,17-12-13-06-14
0.0957636363636,17-12-13-06-15
0.0957636363636,17-12-13-06-16
0.0957636363636,17-12-13-06-17
0.0957636363636,17-12-13-06-18
0.0957636363636,17-12-13-06-19
0.0984303030303,17-12-13-06-20
0.0984303030303,17-12-13-06-21
0.0984303030303,17-12-13-06-22
0.0957230196704,17-12-13-06-23
0.0943326599327,17-12-13-06-24
0.0943326599327,17-12-13-06-25
0.0943326599327,17-12-13-06-26
0.0943326599327,17-12-13-06-27
0.0943326599327,17-12-13-06-29
0.0929993265993,17-12-13-06-30
0.0929993265993,17-12-13-06-31
0.0929993265993,17-12-13-06-32
0.0929993265993,17-12-13-06-33
0.0929993265993,17-12-13-06-34
0.0929993265993,17-12-13-06-35
0.0915533715534,17-12-13-06-36
0.0915533715534,17-12-13-06-37
0.0888506688507,17-12-13-06-38
0.0888506688507,17-12-13-06-39
0.0873280752733,17-12-13-06-40
0.0873280752733,17-12-13-06-41
0.0873280752733,17-12-13-06-42
0.0818486232185,17-12-13-06-43
0.0815965207632,17-12-13-06-44
0.0815965207632,17-12-13-06-45
0.0815965207632,17-12-13-06-46
0.0815965207632,17-12-13-06-47
0.0858440570084,17-12-13-06-48
0.0858440570084,17-12-13-06-49
0.0858440570084,17-12-13-06-50
0.0858440570084,17-12-13-06-51
0.0858440570084,17-12-13-06-52
0.0858440570084,17-12-13-06-53
0.0858440570084,17-12-13-06-54
0.0858440570084,17-12-13-06-55
0.0882621994594,17-12-13-06-56
0.0752373737374,17-12-13-06-57
0.0723802308802,17-12-13-06-58
0.0690766594517,17-12-13-06-59
0.0690766594517,17-12-13-07-00
0.0677589298785,17-12-13-07-01
0.0677589298785,17-12-13-07-02
0.0677589298785,17-12-13-07-03
0.0623188979346,17-12-13-07-04
0.0481116085093,17-12-13-07-05
0.0456873660851,17-12-13-07-06
0.0456873660851,17-12-13-07-07
0.0388691842669,17-12-13-07-08
0.0388691842669,17-12-13-07-09
0.0389864024864,17-12-13-07-10
0.0418742108586,17-12-13-07-11
0.0418742108586,17-12-13-07-12
0.0425388808722,17-12-13-07-13
0.0425388808722,17-12-13-07-14
0.0425388808722,17-12-13-07-15
0.0408349625285,17-12-13-07-16
0.0415043881437,17-12-13-07-17
0.0415043881437,17-12-13-07-18
0.041675016292,17-12-13-07-19
0.0403309302704,17-12-13-07-20
0.0403309302704,17-12-13-07-21
0.0403309302704,17-12-13-07-22
0.0403309302704,17-12-13-07-23
0.0423963844797,17-12-13-07-24
0.0423963844797,17-12-13-07-25
0.0423963844797,17-12-13-07-26
0.0423963844797,17-12-13-07-27
0.0430801971326,17-12-13-07-28
0.0437864298725,17-12-13-07-29
0.0437864298725,17-12-13-07-30
0.0386828703704,17-12-13-07-31
0.0386828703704,17-12-13-07-32
0.0386828703704,17-12-13-07-33
0.0386828703704,17-12-13-07-34
0.0393385122411,17-12-13-07-35
0.0382926245211,17-12-13-07-36
0.0382926245211,17-12-13-07-37
0.0382926245211,17-12-13-07-38
0.0382926245211,17-12-13-07-39
0.0382926245211,17-12-13-07-40
0.0382926245211,17-12-13-07-41
0.0382926245211,17-12-13-07-42
0.0382926245211,17-12-13-07-43
0.0382926245211,17-12-13-07-44
0.0382926245211,17-12-13-07-45
0.0382926245211,17-12-13-07-46
0.0382926245211,17-12-13-07-47
0.0351718455744,17-12-13-07-48
0.0351718455744,17-12-13-07-49
0.0351718455744,17-12-13-07-50
0.0351718455744,17-12-13-07-51
0.0414218455744,17-12-13-07-52
0.0395811563915,17-12-13-07-53
0.0403227187125,17-12-13-07-54
0.0403227187125,17-12-13-07-55
0.0403227187125,17-12-13-07-56
0.0403227187125,17-12-13-07-57
0.0410179380007,17-12-13-07-58
0.0410179380007,17-12-13-07-59
0.0419248286436,17-12-13-08-00
0.0426870982553,17-12-13-08-01
0.0482477043159,17-12-13-08-02
0.0473861381674,17-12-13-08-03
0.0491411803217,17-12-13-08-04
0.0680449098831,17-12-13-08-05
0.0709803220888,17-12-13-08-06
0.0696658716798,17-12-13-08-07
0.0641103161242,17-12-13-08-08
0.0514945753835,17-12-13-08-09
0.0596492194674,17-12-13-08-10
0.0596492194674,17-12-13-08-11
0.0607538346427,17-12-13-08-12
0.0619001334096,17-12-13-08-13
0.0619001334096,17-12-13-08-14
0.0552963598247,17-12-13-08-15
0.0552963598247,17-12-13-08-16
0.0552963598247,17-12-13-08-17
0.0520802363255,17-12-13-08-18
0.0530817793318,17-12-13-08-19
0.0530817793318,17-12-13-08-20
0.0530817793318,17-12-13-08-22
0.0530817793318,17-12-13-08-23
0.0470794483294,17-12-13-08-24
0.0470794483294,17-12-13-08-25
0.0529045355516,17-12-13-08-26
0.0529045355516,17-12-13-08-27
0.0529045355516,17-12-13-08-28
0.0529045355516,17-12-13-08-29
0.0518871406371,17-12-13-08-30
0.0518871406371,17-12-13-08-31
0.0518871406371,17-12-13-08-32
0.0537174351798,17-12-13-08-33
0.0469275809677,17-12-13-08-34
0.0469275809677,17-12-13-08-35
0.0444570416779,17-12-13-08-36
0.0469516298301,17-12-13-08-37
0.0469516298301,17-12-13-08-38
0.0458464554516,17-12-13-08-39
0.0458464554516,17-12-13-08-40
0.0458464554516,17-12-13-08-41
0.0458464554516,17-12-13-08-42
0.0458464554516,17-12-13-08-43
0.0458464554516,17-12-13-08-44
0.0458464554516,17-12-13-08-45
0.0458464554516,17-12-13-08-46
0.0449108135036,17-12-13-08-47
0.0449108135036,17-12-13-08-48
0.0449108135036,17-12-13-08-49
0.0449108135036,17-12-13-08-50
0.0449108135036,17-12-13-08-51
0.0449108135036,17-12-13-08-52
0.0449108135036,17-12-13-08-53
0.0449108135036,17-12-13-08-54
0.0449108135036,17-12-13-08-55
0.0449108135036,17-12-13-08-56
0.0449108135036,17-12-13-08-57
0.0449108135036,17-12-13-08-58
0.0458464554516,17-12-13-08-59
0.0458464554516,17-12-13-09-00
0.0344105644328,17-12-13-09-01
0.0344105644328,17-12-13-09-02
0.0344105644328,17-12-13-09-03
0.0344105644328,17-12-13-09-04
0.0344105644328,17-12-13-09-05
0.0339540943404,17-12-13-09-06
0.0339540943404,17-12-13-09-07
0.0332611536396,17-12-13-09-08
0.0332611536396,17-12-13-09-09
0.0332611536396,17-12-13-09-10
0.0325959305668,17-12-13-09-11
0.0325959305668,17-12-13-09-12
0.0305959305668,17-12-13-09-13
0.0305959305668,17-12-13-09-14
0.0305959305668,17-12-13-09-15
0.0305959305668,17-12-13-09-16
0.0305959305668,17-12-13-09-17
0.0305959305668,17-12-13-09-18
0.0305959305668,17-12-13-09-19
0.0305959305668,17-12-13-09-20
0.0305959305668,17-12-13-09-21
0.0305959305668,17-12-13-09-22
0.0305959305668,17-12-13-09-23
0.0305959305668,17-12-13-09-24
0.0322625972335,17-12-13-09-25
0.029669212974,17-12-13-09-26
0.029669212974,17-12-13-09-27
0.029669212974,17-12-13-09-28
0.029669212974,17-12-13-09-29
0.029669212974,17-12-13-09-30
0.029669212974,17-12-13-09-31
0.0353195136569,17-12-13-09-32
0.0353195136569,17-12-13-09-33
0.0353195136569,17-12-13-09-34
0.0353195136569,17-12-13-09-35
0.0353195136569,17-12-13-09-36
0.0376719756634,17-12-13-09-37
0.0489552667987,17-12-13-09-38
0.0489552667987,17-12-13-09-39
0.0489552667987,17-12-13-09-40
0.0489552667987,17-12-13-09-41
0.0489552667987,17-12-13-09-42
0.0489552667987,17-12-13-09-43
0.0489552667987,17-12-13-09-44
0.0489552667987,17-12-13-09-45
0.0489552667987,17-12-13-09-46
0.0498789510779,17-12-13-09-47
0.0508381616756,17-12-13-09-48
0.0508381616756,17-12-13-09-49
0.0508381616756,17-12-13-09-50
0.0508381616756,17-12-13-09-51
0.0508381616756,17-12-13-09-52
0.0616554693679,17-12-13-09-53
0.0616554693679,17-12-13-09-54
0.0616554693679,17-12-13-09-55
0.0616554693679,17-12-13-09-56
0.0616554693679,17-12-13-09-57
0.0616554693679,17-12-13-09-58
0.0620644856691,17-12-13-09-59
0.0581373655641,17-12-13-10-00
0.0581373655641,17-12-13-10-01
0.0581373655641,17-12-13-10-02
0.0592342969899,17-12-13-10-03
0.0592342969899,17-12-13-10-04
0.0592342969899,17-12-13-10-05
0.0525818100086,17-12-13-10-06
0.0525818100086,17-12-13-10-07
0.0525818100086,17-12-13-10-08
0.0525818100086,17-12-13-10-09
0.0525818100086,17-12-13-10-10
0.0525818100086,17-12-13-10-11
0.0525818100086,17-12-13-10-12
0.0525818100086,17-12-13-10-13
0.0525818100086,17-12-13-10-14
0.0516257770993,17-12-13-10-15
0.0516257770993,17-12-13-10-16
0.0661712316448,17-12-13-10-17
0.0661712316448,17-12-13-10-19
0.0661712316448,17-12-13-10-20
0.0661712316448,17-12-13-10-21
0.0690074596511,17-12-13-10-22
0.0690074596511,17-12-13-10-23
0.0677968024643,17-12-13-10-24
0.0666278920769,17-12-13-10-25
0.0666278920769,17-12-13-10-26
0.0666278920769,17-12-13-10-27
0.0666278920769,17-12-13-10-28
0.0666278920769,17-12-13-10-29
0.0666278920769,17-12-13-10-30
0.0666278920769,17-12-13-10-31
0.0666278920769,17-12-13-10-32
0.0666278920769,17-12-13-10-33
0.0666278920769,17-12-13-10-34
0.0666278920769,17-12-13-10-35
0.0666278920769,17-12-13-10-36
0.068387665863,17-12-13-10-37
0.07516732688,17-12-13-10-38
0.07516732688,17-12-13-10-39
0.0783842350683,17-12-13-10-40
0.0783842350683,17-12-13-10-41
0.0783842350683,17-12-13-10-42
0.0783842350683,17-12-13-10-43
0.0821845328378,17-12-13-10-44
0.0754048718209,17-12-13-10-45
0.0754048718209,17-12-13-10-46
0.0754048718209,17-12-13-10-47
0.0754048718209,17-12-13-10-48
0.0754048718209,17-12-13-10-49
0.0754048718209,17-12-13-10-50
0.0752681742086,17-12-13-10-51
0.0752681742086,17-12-13-10-52
0.0675740498831,17-12-13-10-53
0.0649814572905,17-12-13-10-54
0.0613660964242,17-12-13-10-55
0.057867360102,17-12-13-10-56
0.055622736446,17-12-13-10-57
0.0531137758726,17-12-13-10-58
0.0539844935098,17-12-13-10-59
0.0510886862668,17-12-13-11-00
0.0478086189363,17-12-13-11-01
0.0478086189363,17-12-13-11-02
0.0415512597212,17-12-13-11-03
0.0309890352473,17-12-13-11-04
0.0309890352473,17-12-13-11-05
0.0313046918129,17-12-13-11-06
0.0313046918129,17-12-13-11-07
0.0313046918129,17-12-13-11-08
0.028947789456,17-12-13-11-09
0.028947789456,17-12-13-11-10
0.028947789456,17-12-13-11-11
0.027979775988,17-12-13-11-12
0.027979775988,17-12-13-11-13
0.027979775988,17-12-13-11-14
0.027979775988,17-12-13-11-15
0.0323902994581,17-12-13-11-16
0.0323902994581,17-12-13-11-17
0.0372184315251,17-12-13-11-18
0.0372184315251,17-12-13-11-19
0.0372184315251,17-12-13-11-20
0.0372184315251,17-12-13-11-21
0.0372184315251,17-12-13-11-22
0.0403475722379,17-12-13-11-23
0.0498618324875,17-12-13-11-24
0.0498618324875,17-12-13-11-25
0.0520064403306,17-12-13-11-26
0.0453199692908,17-12-13-11-27
0.0453199692908,17-12-13-11-28
0.0453199692908,17-12-13-11-29
0.0453199692908,17-12-13-11-30
0.0453199692908,17-12-13-11-31
0.0453199692908,17-12-13-11-32
0.0494106292789,17-12-13-11-33
0.0522802975198,17-12-13-11-34
0.0530724232398,17-12-13-11-35
0.0538889220588,17-12-13-11-36
0.0538889220588,17-12-13-11-37
0.0571356753056,17-12-13-11-38
0.0571356753056,17-12-13-11-39
0.0684940018522,17-12-13-11-40
0.0684940018522,17-12-13-11-41
0.0684940018522,17-12-13-11-42
0.0695875774552,17-12-13-11-43
0.0695875774552,17-12-13-11-44
0.0706261980143,17-12-13-11-45
0.0723674915466,17-12-13-11-46
0.0744027697013,17-12-13-11-47
0.0732068615764,17-12-13-11-48
0.0732068615764,17-12-13-11-49
0.0732068615764,17-12-13-11-50
0.0732068615764,17-12-13-11-51
0.0732068615764,17-12-13-11-52
0.0751831461614,17-12-13-11-53
0.0751831461614,17-12-13-11-54
0.0770723801159,17-12-13-11-55
0.0790486647008,17-12-13-11-56
0.0798674500103,17-12-13-11-57
0.0806631709449,17-12-13-11-58
0.0806631709449,17-12-13-11-59
0.082825677409,17-12-13-12-00
0.0864855996363,17-12-13-12-01
0.0853168753169,17-12-13-12-02
0.0853168753169,17-12-13-12-03
0.0853440471249,17-12-13-12-04
0.0853440471249,17-12-13-12-05
0.0867139101386,17-12-13-12-06
0.0834254248838,17-12-13-12-07
0.0834254248838,17-12-13-12-08
0.0834254248838,17-12-13-12-09
0.0834254248838,17-12-13-12-10
0.0834254248838,17-12-13-12-11
0.0834254248838,17-12-13-12-12
0.0834254248838,17-12-13-12-13
0.0834254248838,17-12-13-12-15
0.0834254248838,17-12-13-12-16
0.0754881816149,17-12-13-12-17
0.0744397346481,17-12-13-12-18
0.0795843958173,17-12-13-12-19
0.0795843958173,17-12-13-12-20
0.0795843958173,17-12-13-12-21
0.0795843958173,17-12-13-12-22
0.0716501534459,17-12-13-12-23
0.0704764445257,17-12-13-12-24
0.0725891205821,17-12-13-12-25
0.0725891205821,17-12-13-12-26
0.0725891205821,17-12-13-12-27
0.0715809383518,17-12-13-12-28
0.0715809383518,17-12-13-12-29
0.0705770481475,17-12-13-12-30
0.0705770481475,17-12-13-12-31
0.0705770481475,17-12-13-12-32
0.0715852916924,17-12-13-12-33
0.0705770481475,17-12-13-12-34
0.0758710059781,17-12-13-12-35
0.0758710059781,17-12-13-12-36
0.0758710059781,17-12-13-12-37
0.0758710059781,17-12-13-12-38
0.0758710059781,17-12-13-12-39
0.0758710059781,17-12-13-12-40
0.0803352916924,17-12-13-12-41
0.0803352916924,17-12-13-12-42
0.0768113850723,17-12-13-12-43
0.0705275443511,17-12-13-12-44
0.0749401886358,17-12-13-12-45
0.0749401886358,17-12-13-12-46
0.0749401886358,17-12-13-12-47
0.0716793190706,17-12-13-12-48
0.0741496748018,17-12-13-12-49
0.075240111196,17-12-13-12-50
0.075240111196,17-12-13-12-51
0.075240111196,17-12-13-12-52
0.075240111196,17-12-13-12-53
0.075240111196,17-12-13-12-54
0.075240111196,17-12-13-12-55
0.075240111196,17-12-13-12-56
0.0764685153816,17-12-13-12-57
0.0764685153816,17-12-13-12-58
0.0764685153816,17-12-13-12-59
0.0764685153816,17-12-13-13-00
0.0764685153816,17-12-13-13-01
0.0739981596503,17-12-13-13-02
0.0701114666332,17-12-13-13-03
0.0701114666332,17-12-13-13-04
0.0711425176131,17-12-13-13-05
0.0711425176131,17-12-13-13-06
0.0711425176131,17-12-13-13-07
0.0711425176131,17-12-13-13-08
0.074526070944,17-12-13-13-09
0.074526070944,17-12-13-13-10
0.0803690585509,17-12-13-13-11
0.0872714154532,17-12-13-13-12
0.0929547608279,17-12-13-13-13
0.0929547608279,17-12-13-13-14
0.0929547608279,17-12-13-13-15
0.091587779051,17-12-13-13-16
0.0984995437569,17-12-13-13-17
0.0984995437569,17-12-13-13-18
0.0984995437569,17-12-13-13-19
0.0984995437569,17-12-13-13-20
0.106914576437,17-12-13-13-21
0.110832041093,17-12-13-13-22
0.110832041093,17-12-13-13-23
0.1148682168,17-12-13-13-24
0.1148682168,17-12-13-13-25
0.119028582529,17-12-13-13-26
0.119028582529,17-12-13-13-27
0.119028582529,17-12-13-13-28
0.119028582529,17-12-13-13-29
0.123318959686,17-12-13-13-30
0.123318959686,17-12-13-13-31
0.118017113095,17-12-13-13-32
0.118017113095,17-12-13-13-33
0.118594627595,17-12-13-13-34
0.118594627595,17-12-13-13-35
0.118594627595,17-12-13-13-36
0.122552703373,17-12-13-13-37
0.122552703373,17-12-13-13-38
0.122552703373,17-12-13-13-39
0.120599578373,17-12-13-13-40
0.120599578373,17-12-13-13-41
0.121597842262,17-12-13-13-42
0.121597842262,17-12-13-13-43
0.123527966742,17-12-13-13-44
0.120302855746,17-12-13-13-45
0.120302855746,17-12-13-13-46
0.120302855746,17-12-13-13-47
0.120302855746,17-12-13-13-48
0.120302855746,17-12-13-13-49
0.120302855746,17-12-13-13-50
0.120302855746,17-12-13-13-51
0.120302855746,17-12-13-13-52
0.116972003406,17-12-13-13-53
0.116972003406,17-12-13-13-54
0.116972003406,17-12-13-13-55
0.121030122655,17-12-13-13-56
0.114833178726,17-12-13-13-57
0.114833178726,17-12-13-13-58
0.119833178726,17-12-13-13-59
0.119833178726,17-12-13-14-00
0.120258063533,17-12-13-14-02
0.120258063533,17-12-13-14-03
0.114094967532,17-12-13-14-04
0.112532022772,17-12-13-14-05
0.107586724387,17-12-13-14-06
0.10726760082,17-12-13-14-07
0.10726760082,17-12-13-14-08
0.10726760082,17-12-13-14-09
0.104019227526,17-12-13-14-10
0.104019227526,17-12-13-14-11
0.104019227526,17-12-13-14-12
0.0908277165872,17-12-13-14-13
0.0979556554557,17-12-13-14-14
0.0988685681407,17-12-13-14-15
0.0988685681407,17-12-13-14-16
0.0988685681407,17-12-13-14-17
0.0971424461614,17-12-13-14-18
0.0971424461614,17-12-13-14-19
0.0971424461614,17-12-13-14-20
0.0975137362637,17-12-13-14-21
0.0975137362637,17-12-13-14-22
0.0969642857143,17-12-13-14-23
0.0951327838828,17-12-13-14-24
0.090233391784,17-12-13-14-25
0.0903554743867,17-12-13-14-26
0.0903554743867,17-12-13-14-27
0.0897730925895,17-12-13-14-28
0.0891757779258,17-12-13-14-29
0.082123554656,17-12-13-14-30
0.082123554656,17-12-13-14-31
0.082123554656,17-12-13-14-32
0.082123554656,17-12-13-14-33
0.082123554656,17-12-13-14-34
0.0810706885707,17-12-13-14-35
0.082123554656,17-12-13-14-36
0.082123554656,17-12-13-14-37
0.082123554656,17-12-13-14-38
0.0884252075486,17-12-13-14-39
0.0884252075486,17-12-13-14-40
0.0860094997595,17-12-13-14-41
0.0860094997595,17-12-13-14-42
0.0845137732638,17-12-13-14-43
0.0856113547347,17-12-13-14-44
0.0856113547347,17-12-13-14-45
0.0856113547347,17-12-13-14-46
0.0856113547347,17-12-13-14-47
0.0856113547347,17-12-13-14-48
0.0821325567707,17-12-13-14-49
0.0812553637883,17-12-13-14-50
0.0823387686388,17-12-13-14-51
0.087301729703,17-12-13-14-52
0.087301729703,17-12-13-14-53
0.0827512911066,17-12-13-14-54
0.0831898875978,17-12-13-14-55
0.0769989842029,17-12-13-14-56
0.0740124702625,17-12-13-14-57
0.0721594809095,17-12-13-14-58
0.0709561861274,17-12-13-14-59
0.067064021164,17-12-13-15-00
0.0637967314119,17-12-13-15-01
0.0637967314119,17-12-13-15-02
0.0629682024325,17-12-13-15-03
0.0724334838687,17-12-13-15-04
0.0704697745995,17-12-13-15-05
0.0680586835808,17-12-13-15-06
0.0680586835808,17-12-13-15-07
0.0680586835808,17-12-13-15-08
0.0680586835808,17-12-13-15-09
0.062520974396,17-12-13-15-10
0.0644440513191,17-12-13-15-11
0.0655124273874,17-12-13-15-12
0.0655124273874,17-12-13-15-13
0.0655124273874,17-12-13-15-14
0.070426957302,17-12-13-15-15
0.0736686507937,17-12-13-15-16
0.0832754351273,17-12-13-15-17
0.0921288780664,17-12-13-15-18
0.0833570789267,17-12-13-15-19
0.0872035372035,17-12-13-15-20
0.0872605172605,17-12-13-15-21
0.0871358733859,17-12-13-15-22
0.0876181574558,17-12-13-15-23
0.0923584171961,17-12-13-15-24
0.0938846643123,17-12-13-15-25
0.0960420063342,17-12-13-15-26
0.091967494987,17-12-13-15-27
0.0854739884935,17-12-13-15-28
0.0859351130351,17-12-13-15-29
0.0855938615478,17-12-13-15-30
0.0855938615478,17-12-13-15-31
0.0921425204425,17-12-13-15-32
0.0920363382863,17-12-13-15-33
0.0927536315536,17-12-13-15-34
0.0927536315536,17-12-13-15-35
0.0931980759981,17-12-13-15-36
0.0931980759981,17-12-13-15-37
0.0877346359881,17-12-13-15-38
0.0877346359881,17-12-13-15-39
0.0877346359881,17-12-13-15-40
0.0884454708046,17-12-13-15-41
0.0862962791177,17-12-13-15-42
0.0850808385668,17-12-13-15-44
0.0882818763027,17-12-13-15-45
0.0938374318583,17-12-13-15-46
0.0968137836289,17-12-13-15-47
0.102262246012,17-12-13-15-48
0.102262246012,17-12-13-15-49
0.102262246012,17-12-13-15-50
0.0981293631294,17-12-13-15-51
0.10010008385,17-12-13-15-52
0.10010008385,17-12-13-15-53
0.0962468975469,17-12-13-15-54
0.0951155844156,17-12-13-15-55
0.0930415103415,17-12-13-15-56
0.0930415103415,17-12-13-15-57
0.0930415103415,17-12-13-15-58
0.0942988280488,17-12-13-15-59
0.0942988280488,17-12-13-16-00
0.0942988280488,17-12-13-16-01
0.0942988280488,17-12-13-16-02
0.0938483775984,17-12-13-16-03
0.0972267559768,17-12-13-16-04
0.102632161382,17-12-13-16-05
0.104038081401,17-12-13-16-06
0.104837168159,17-12-13-16-07
0.107320044871,17-12-13-16-08
0.10881060105,17-12-13-16-09
0.101938440175,17-12-13-16-10
0.103100748186,17-12-13-16-11
0.106525405721,17-12-13-16-12
0.1010604808,17-12-13-16-13
0.1010604808,17-12-13-16-14
0.1010604808,17-12-13-16-15
0.1010604808,17-12-13-16-16
0.0996760906521,17-12-13-16-17
0.0975882585778,17-12-13-16-18
0.0896904406235,17-12-13-16-19
0.0869241135848,17-12-13-16-20
0.0809375065353,17-12-13-16-21
0.0809375065353,17-12-13-16-22
0.0809375065353,17-12-13-16-23
0.0809375065353,17-12-13-16-24
0.0741440282745,17-12-13-16-25
0.0741440282745,17-12-13-16-26
0.0624218816314,17-12-13-16-27
0.0574218816314,17-12-13-16-28
0.054335252107,17-12-13-16-29
0.0558447485055,17-12-13-16-30
0.0541837369555,17-12-13-16-31
0.0579176200783,17-12-13-16-32
0.0478874406592,17-12-13-16-33
0.0470178754418,17-12-13-16-34
0.0484213941117,17-12-13-16-35
0.0424777167277,17-12-13-16-36
0.0369392551893,17-12-13-16-37
0.0344777167277,17-12-13-16-38
0.0339553270803,17-12-13-16-39
0.0322799145299,17-12-13-16-40
0.0363909618574,17-12-13-16-41
0.0369423400673,17-12-13-16-42
0.0369423400673,17-12-13-16-43
0.0369423400673,17-12-13-16-44
0.0319133499171,17-12-13-16-45
0.0319133499171,17-12-13-16-46
0.0314440359477,17-12-13-16-47
0.0240910947712,17-12-13-16-48
0.0364231078905,17-12-13-16-49
0.0430456349206,17-12-13-16-50
0.0501884920635,17-12-13-16-51
0.0501884920635,17-12-13-16-52
0.0501884920635,17-12-13-16-53
0.0501884920635,17-12-13-16-54
0.0511744281046,17-12-13-16-55
0.0511744281046,17-12-13-16-56
0.0504327697262,17-12-13-16-57
0.0504327697262,17-12-13-16-58
0.0497123015873,17-12-13-16-59
0.0497123015873,17-12-13-17-00
0.0497123015873,17-12-13-17-01
0.0512081430746,17-12-13-17-02
0.0526182432432,17-12-13-17-03
0.0526182432432,17-12-13-17-04
0.0554699391172,17-12-13-17-05
0.0554699391172,17-12-13-17-06
0.0560716966967,17-12-13-17-07
0.0560716966967,17-12-13-17-08
0.0560716966967,17-12-13-17-09
0.0560716966967,17-12-13-17-10
0.0568398021309,17-12-13-17-11
0.0568398021309,17-12-13-17-12
0.0561874021909,17-12-13-17-13
0.0561874021909,17-12-13-17-14
0.0561874021909,17-12-13-17-15
0.0583783255086,17-12-13-17-16
0.0541529733959,17-12-13-17-17
0.0541529733959,17-12-13-17-18
0.0541529733959,17-12-13-17-19
0.0541529733959,17-12-13-17-20
0.0575442808365,17-12-13-17-21
0.0434597737943,17-12-13-17-22
0.0421617213805,17-12-13-17-23
0.0421617213805,17-12-13-17-24
0.0427555484422,17-12-13-17-25
0.0448095390525,17-12-13-17-27
0.0448095390525,17-12-13-17-28
0.0448095390525,17-12-13-17-29
0.0488894300144,17-12-13-17-30
0.0488894300144,17-12-13-17-31
0.0488894300144,17-12-13-17-32
0.0488894300144,17-12-13-17-33
0.0511116522367,17-12-13-17-34
0.0511116522367,17-12-13-17-35
0.0511116522367,17-12-13-17-36
0.0511116522367,17-12-13-17-37
0.0511116522367,17-12-13-17-38
0.0511116522367,17-12-13-17-39
0.0511116522367,17-12-13-17-40
0.0511116522367,17-12-13-17-41
0.0532086712192,17-12-13-17-42
0.0529326248597,17-12-13-17-43
0.0536781547873,17-12-13-17-44
0.0522075204096,17-12-13-17-45
0.0522075204096,17-12-13-17-46
0.0529326248597,17-12-13-17-47
0.0522381804153,17-12-13-17-48
0.0556321779438,17-12-13-17-49
0.0583724396745,17-12-13-17-50
0.0570819106559,17-12-13-17-51
0.0634199388249,17-12-13-17-52
0.0634199388249,17-12-13-17-53
0.0634199388249,17-12-13-17-54
0.0634199388249,17-12-13-17-55
0.0634199388249,17-12-13-17-56
0.0634199388249,17-12-13-17-57
0.0634199388249,17-12-13-17-58
0.0643259379509,17-12-13-17-59
0.0634199388249,17-12-13-18-00
0.0634199388249,17-12-13-18-01
0.0643259379509,17-12-13-18-02
0.0643259379509,17-12-13-18-03
0.0680561125966,17-12-13-18-04
0.0680561125966,17-12-13-18-05
0.067596553773,17-12-13-18-06
0.067596553773,17-12-13-18-07
0.067596553773,17-12-13-18-08
0.067596553773,17-12-13-18-09
0.067596553773,17-12-13-18-10
0.0654519459299,17-12-13-18-11
0.0630990047534,17-12-13-18-12
0.0630990047534,17-12-13-18-13
0.0621845264237,17-12-13-18-14
0.0598656858439,17-12-13-18-15
0.0598656858439,17-12-13-18-16
0.0598656858439,17-12-13-18-17
0.0598656858439,17-12-13-18-18
0.0590104617605,17-12-13-18-19
0.0652215820174,17-12-13-18-20
0.0652215820174,17-12-13-18-21
0.0652215820174,17-12-13-18-22
0.0652215820174,17-12-13-18-23
0.0652215820174,17-12-13-18-24
0.0693664909969,17-12-13-18-25
0.0693664909969,17-12-13-18-26
0.0693664909969,17-12-13-18-27
0.0693664909969,17-12-13-18-28
0.0693664909969,17-12-13-18-29
0.0670476504172,17-12-13-18-30
0.0660898268398,17-12-13-18-31
0.0660898268398,17-12-13-18-32
0.0651589842083,17-12-13-18-33
0.0651589842083,17-12-13-18-34
0.0644547588562,17-12-13-18-35
0.0644547588562,17-12-13-18-36
0.0644547588562,17-12-13-18-37
0.0644547588562,17-12-13-18-38
0.0644547588562,17-12-13-18-39
0.0644547588562,17-12-13-18-40
0.0644547588562,17-12-13-18-41
0.0644547588562,17-12-13-18-42
0.0644547588562,17-12-13-18-43
0.0644547588562,17-12-13-18-44
0.0644547588562,17-12-13-18-45
0.0644547588562,17-12-13-18-46
0.0630898268398,17-12-13-18-47
0.0630898268398,17-12-13-18-48
0.0630898268398,17-12-13-18-49
0.0630898268398,17-12-13-18-50
0.0630898268398,17-12-13-18-51
0.0630898268398,17-12-13-18-52
0.0630898268398,17-12-13-18-53
0.0622012377294,17-12-13-18-54
0.0622012377294,17-12-13-18-55
0.0613373316498,17-12-13-18-56
0.0613373316498,17-12-13-18-57
0.0595838522208,17-12-13-18-58
0.0595838522208,17-12-13-18-59
0.0639138001638,17-12-13-19-00
0.0630616161616,17-12-13-19-01
0.0630616161616,17-12-13-19-02
0.0630616161616,17-12-13-19-03
0.0630616161616,17-12-13-19-04
0.0622318580542,17-12-13-19-05
0.0622318580542,17-12-13-19-06
0.0622318580542,17-12-13-19-07
0.0622318580542,17-12-13-19-09
0.0631946084219,17-12-13-19-10
0.0631946084219,17-12-13-19-11
0.0631946084219,17-12-13-19-12
0.0631946084219,17-12-13-19-13
0.0631946084219,17-12-13-19-14
0.0631946084219,17-12-13-19-15
0.0631946084219,17-12-13-19-16
0.0631946084219,17-12-13-19-17
0.0631946084219,17-12-13-19-18
0.0631946084219,17-12-13-19-19
0.0631946084219,17-12-13-19-20
0.0662131313131,17-12-13-19-21
0.0653419059011,17-12-13-19-22
0.0671426603699,17-12-13-19-23
0.0671426603699,17-12-13-19-24
0.0671426603699,17-12-13-19-25
0.0671426603699,17-12-13-19-26
0.070769036519,17-12-13-19-27
0.070769036519,17-12-13-19-28
0.070769036519,17-12-13-19-29
0.0635441120061,17-12-13-19-30
0.0635441120061,17-12-13-19-31
0.0635441120061,17-12-13-19-32
0.0732679324895,17-12-13-19-33
0.0742072649573,17-12-13-19-34
0.0742072649573,17-12-13-19-35
0.075170995671,17-12-13-19-36
0.075170995671,17-12-13-19-37
0.0619134199134,17-12-13-19-38
0.0619134199134,17-12-13-19-39
0.0619134199134,17-12-13-19-40
0.0619134199134,17-12-13-19-41
0.0619134199134,17-12-13-19-42
0.0643247863248,17-12-13-19-43
0.0586666666667,17-12-13-19-44
0.0586666666667,17-12-13-19-45
0.0589758812616,17-12-13-19-46
0.0589758812616,17-12-13-19-47
0.0569377289377,17-12-13-19-48
0.0569377289377,17-12-13-19-49
0.051997588909,17-12-13-19-50
0.051997588909,17-12-13-19-51
0.0513476190476,17-12-13-19-52
0.0507136978248,17-12-13-19-53
0.0507136978248,17-12-13-19-54
0.0507136978248,17-12-13-19-55
0.0507136978248,17-12-13-19-56
0.0494791299236,17-12-13-19-57
0.0500976190476,17-12-13-19-58
0.0500976190476,17-12-13-19-59
0.048833031947,17-12-13-20-00
0.048833031947,17-12-13-20-01
0.048833031947,17-12-13-20-02
0.0482226190476,17-12-13-20-03
0.0475672091621,17-12-13-20-04
0.048177045177,17-12-13-20-05
0.048177045177,17-12-13-20-06
0.048177045177,17-12-13-20-07
0.048177045177,17-12-13-20-08
0.048177045177,17-12-13-20-09
0.0492454212454,17-12-13-20-10
0.0492454212454,17-12-13-20-11
0.0492454212454,17-12-13-20-12
0.0492454212454,17-12-13-20-13
0.0492454212454,17-12-13-20-14
0.0492454212454,17-12-13-20-15
0.0507797139569,17-12-13-20-16
0.057108827881,17-12-13-20-17
0.0529949038303,17-12-13-20-18
0.0529949038303,17-12-13-20-19
0.0529949038303,17-12-13-20-20
0.0529949038303,17-12-13-20-21
0.0529949038303,17-12-13-20-22
0.0519160775933,17-12-13-20-23
0.0553921266234,17-12-13-20-24
0.0553921266234,17-12-13-20-25
0.0560932927832,17-12-13-20-26
0.0560932927832,17-12-13-20-27
0.0677158474437,17-12-13-20-28
0.0677158474437,17-12-13-20-29
0.0731193993506,17-12-13-20-30
0.0772443993506,17-12-13-20-31
0.0772443993506,17-12-13-20-32
0.0772443993506,17-12-13-20-33
0.0772443993506,17-12-13-20-34
0.0771433503206,17-12-13-20-35
0.0771433503206,17-12-13-20-36
0.0807813311688,17-12-13-20-37
0.0807813311688,17-12-13-20-38
0.0807813311688,17-12-13-20-39
0.0761504729838,17-12-13-20-40
0.0746023538961,17-12-13-20-41
0.0746023538961,17-12-13-20-42
0.0746023538961,17-12-13-20-44
0.0746023538961,17-12-13-20-45
0.0741856872294,17-12-13-20-46
0.0732698145476,17-12-13-20-47
0.0732698145476,17-12-13-20-48
0.0738870984982,17-12-13-20-49
0.0738870984982,17-12-13-20-50
0.0738870984982,17-12-13-20-51
0.0729860363214,17-12-13-20-52
0.0729860363214,17-12-13-20-53
0.0729860363214,17-12-13-20-54
0.0729860363214,17-12-13-20-55
0.0714179626957,17-12-13-20-56
0.0763562343007,17-12-13-20-57
0.0763562343007,17-12-13-20-58
0.0763562343007,17-12-13-20-59
0.0763562343007,17-12-13-21-00
0.0738870984982,17-12-13-21-01
0.0747931316651,17-12-13-21-02
0.0784516682504,17-12-13-21-03
0.0775064674282,17-12-13-21-04
0.0775064674282,17-12-13-21-05
0.0784516682504,17-12-13-21-06
0.0835305638137,17-12-13-21-07
0.0857287930324,17-12-13-21-08
0.0906025719379,17-12-13-21-09
0.0915829640947,17-12-13-21-10
0.0915829640947,17-12-13-21-11
0.0915829640947,17-12-13-21-12
0.0902922850959,17-12-13-21-13
0.0968399041435,17-12-13-21-14
0.0968770817418,17-12-13-21-15
0.0968770817418,17-12-13-21-16
0.0968770817418,17-12-13-21-17
0.101564557535,17-12-13-21-18
0.101564557535,17-12-13-21-19
0.101564557535,17-12-13-21-20
0.101564557535,17-12-13-21-21
0.101564557535,17-12-13-21-22
0.100397148828,17-12-13-21-23
0.100397148828,17-12-13-21-24
0.100397148828,17-12-13-21-25
0.099256272137,17-12-13-21-26
0.100913469107,17-12-13-21-27
0.109749081345,17-12-13-21-28
0.121526941686,17-12-13-21-29
0.115644588745,17-12-13-21-30
0.120113837713,17-12-13-21-31
0.125147422501,17-12-13-21-32
0.125147422501,17-12-13-21-33
0.126092716942,17-12-13-21-34
0.12811677116,17-12-13-21-35
0.12811677116,17-12-13-21-36
0.12811677116,17-12-13-21-37
0.12811677116,17-12-13-21-38
0.12811677116,17-12-13-21-39
0.12811677116,17-12-13-21-40
0.12811677116,17-12-13-21-41
0.12811677116,17-12-13-21-42
0.12811677116,17-12-13-21-43
0.12811677116,17-12-13-21-44
0.141234408034,17-12-13-21-45
0.146025227646,17-12-13-21-46
0.146025227646,17-12-13-21-47
0.149473503508,17-12-13-21-48
0.151211567502,17-12-13-21-49
0.151211567502,17-12-13-21-50
0.157157719219,17-12-13-21-51
0.163646506594,17-12-13-21-52
0.163646506594,17-12-13-21-53
0.163646506594,17-12-13-21-54
0.163646506594,17-12-13-21-55
0.163646506594,17-12-13-21-56
0.162060882916,17-12-13-21-57
0.163967481538,17-12-13-21-58
0.163223673613,17-12-13-21-59
0.163223673613,17-12-13-22-00
0.165143952126,17-12-13-22-01
0.165143952126,17-12-13-22-02
0.163223673613,17-12-13-22-03
0.163223673613,17-12-13-22-04
0.169309078177,17-12-13-22-05
0.169309078177,17-12-13-22-06
0.169309078177,17-12-13-22-07
0.174123313702,17-12-13-22-08
0.174123313702,17-12-13-22-09
0.174123313702,17-12-13-22-10
0.172250254647,17-12-13-22-11
0.172250254647,17-12-13-22-12
0.172250254647,17-12-13-22-13
0.172250254647,17-12-13-22-14
0.172250254647,17-12-13-22-15
0.172250254647,17-12-13-22-16
0.173622803667,17-12-13-22-17
0.173622803667,17-12-13-22-18
0.175689741806,17-12-13-22-19
0.175689741806,17-12-13-22-21
0.173308789425,17-12-13-22-22
0.173308789425,17-12-13-22-23
0.173308789425,17-12-13-22-24
0.175191431118,17-12-13-22-25
0.180954418131,17-12-13-22-26
0.177425006366,17-12-13-22-27
0.177425006366,17-12-13-22-28
0.177425006366,17-12-13-22-29
0.177425006366,17-12-13-22-30
0.181273319934,17-12-13-22-31
0.181273319934,17-12-13-22-32
0.181273319934,17-12-13-22-33
0.181273319934,17-12-13-22-34
0.180445287644,17-12-13-22-35
0.180445287644,17-12-13-22-36
0.180158425911,17-12-13-22-37
0.177477431105,17-12-13-22-38
0.183783736839,17-12-13-22-39
0.177477431105,17-12-13-22-40
0.183783736839,17-12-13-22-41
0.183783736839,17-12-13-22-42
0.188436489671,17-12-13-22-43
0.188436489671,17-12-13-22-44
0.188436489671,17-12-13-22-45
0.188436489671,17-12-13-22-46
0.188436489671,17-12-13-22-47
0.188436489671,17-12-13-22-48
0.188436489671,17-12-13-22-49
0.188436489671,17-12-13-22-50
0.194765603595,17-12-13-22-51
0.194343662666,17-12-13-22-52
0.194343662666,17-12-13-22-53
0.194343662666,17-12-13-22-54
0.198758325008,17-12-13-22-55
0.199632450882,17-12-13-22-56
0.199632450882,17-12-13-22-57
0.200898962149,17-12-13-22-58
0.200898962149,17-12-13-22-59
0.203508039579,17-12-13-23-00
0.203508039579,17-12-13-23-01
0.203508039579,17-12-13-23-02
0.203508039579,17-12-13-23-03
0.200898962149,17-12-13-23-04
0.195584288261,17-12-13-23-05
0.195584288261,17-12-13-23-06
0.195584288261,17-12-13-23-07
0.195584288261,17-12-13-23-08
0.196289296021,17-12-13-23-09
0.196289296021,17-12-13-23-10
0.195297232529,17-12-13-23-11
0.195297232529,17-12-13-23-12
0.195297232529,17-12-13-23-13
0.195297232529,17-12-13-23-14
0.189572445627,17-12-13-23-15
0.189572445627,17-12-13-23-16
0.189572445627,17-12-13-23-17
0.189572445627,17-12-13-23-18
0.189572445627,17-12-13-23-19
0.189572445627,17-12-13-23-20
0.189572445627,17-12-13-23-21
0.193408694964,17-12-13-23-22
0.193408694964,17-12-13-23-23
0.193408694964,17-12-13-23-24
0.193408694964,17-12-13-23-25
0.19579645663,17-12-13-23-26
0.19579645663,17-12-13-23-27
0.19579645663,17-12-13-23-28
0.194118912338,17-12-13-23-29
0.194118912338,17-12-13-23-30
0.191722382556,17-12-13-23-31
0.18717692801,17-12-13-23-32
0.18717692801,17-12-13-23-33
0.184034391534,17-12-13-23-34
0.179545053712,17-12-13-23-35
0.179545053712,17-12-13-23-36
0.174136904762,17-12-13-23-37
0.171680640035,17-12-13-23-38
0.173157433284,17-12-13-23-39
0.181477343003,17-12-13-23-40
0.180417221667,17-12-13-23-41
0.184462573292,17-12-13-23-42
0.184462573292,17-12-13-23-43
0.184462573292,17-12-13-23-44
0.184462573292,17-12-13-23-45
0.190791687216,17-12-13-23-46
0.190791687216,17-12-13-23-47
0.193237734488,17-12-13-23-48
0.192596708847,17-12-13-23-49
0.192596708847,17-12-13-23-50
0.192596708847,17-12-13-23-51
0.192596708847,17-12-13-23-52
0.190158775823,17-12-13-23-53
0.190158775823,17-12-13-23-54
0.194757237554,17-12-13-23-55
0.193304112554,17-12-13-23-56
0.193304112554,17-12-13-23-57
0.193304112554,17-12-13-23-58
0.193304112554,17-12-13-23-59
0.187054112554,17-12-14-00-00
0.187054112554,17-12-14-00-01
0.187054112554,17-12-14-00-02
0.187546166913,17-12-14-00-03
0.187546166913,17-12-14-00-05
0.182943174968,17-12-14-00-06
0.182943174968,17-12-14-00-07
0.182943174968,17-12-14-00-08
0.180656385281,17-12-14-00-09
0.180656385281,17-12-14-00-10
0.180656385281,17-12-14-00-11
0.187546166913,17-12-14-00-12
0.181217052989,17-12-14-00-13
0.181217052989,17-12-14-00-14
0.181217052989,17-12-14-00-15
0.181217052989,17-12-14-00-16
0.181217052989,17-12-14-00-17
0.187546166913,17-12-14-00-18
0.176978464573,17-12-14-00-19
0.176978464573,17-12-14-00-20
0.176978464573,17-12-14-00-21
0.176978464573,17-12-14-00-22
0.176978464573,17-12-14-00-23
0.176978464573,17-12-14-00-24
0.176978464573,17-12-14-00-25
0.176978464573,17-12-14-00-26
0.174973914974,17-12-14-00-27
0.174973914974,17-12-14-00-28
0.174973914974,17-12-14-00-29
0.174024878076,17-12-14-00-30
0.169594498329,17-12-14-00-31
0.169594498329,17-12-14-00-32
0.169594498329,17-12-14-00-33
0.169594498329,17-12-14-00-34
0.168328675544,17-12-14-00-35
0.170188539531,17-12-14-00-36
0.170188539531,17-12-14-00-37
0.170188539531,17-12-14-00-38
0.171504329004,17-12-14-00-39
0.171504329004,17-12-14-00-40
0.171504329004,17-12-14-00-41
0.169277000056,17-12-14-00-42
0.167106782107,17-12-14-00-43
0.167106782107,17-12-14-00-44
0.164991506384,17-12-14-00-45
0.164991506384,17-12-14-00-46
0.164991506384,17-12-14-00-47
0.154842320127,17-12-14-00-48
0.154842320127,17-12-14-00-49
0.149480866356,17-12-14-00-50
0.149480866356,17-12-14-00-51
0.149480866356,17-12-14-00-52
0.151422176309,17-12-14-00-53
0.14709317198,17-12-14-00-54
0.14709317198,17-12-14-00-55
0.14709317198,17-12-14-00-56
0.14709317198,17-12-14-00-57
0.14709317198,17-12-14-00-58
0.14709317198,17-12-14-00-59
0.14709317198,17-12-14-01-00
0.145207362082,17-12-14-01-01
0.145207362082,17-12-14-01-02
0.143459110334,17-12-14-01-03
0.143459110334,17-12-14-01-04
0.12590847248,17-12-14-01-05
0.119440278032,17-12-14-01-06
0.119440278032,17-12-14-01-07
0.119440278032,17-12-14-01-08
0.117781385281,17-12-14-01-09
0.11003088925,17-12-14-01-10
0.10540125962,17-12-14-01-11
0.0976507635883,17-12-14-01-12
0.0976507635883,17-12-14-01-13
0.0976507635883,17-12-14-01-14
0.0976507635883,17-12-14-01-15
0.0976507635883,17-12-14-01-16
0.0944100228475,17-12-14-01-17
0.0944100228475,17-12-14-01-18
0.0957397414792,17-12-14-01-19
0.0957397414792,17-12-14-01-20
0.0957397414792,17-12-14-01-21
0.101354467292,17-12-14-01-22
0.101354467292,17-12-14-01-23
0.101354467292,17-12-14-01-24
0.101354467292,17-12-14-01-25
0.101354467292,17-12-14-01-26
0.101354467292,17-12-14-01-27
0.101354467292,17-12-14-01-28
0.101354467292,17-12-14-01-29
0.101354467292,17-12-14-01-30
0.101354467292,17-12-14-01-31
0.101354467292,17-12-14-01-32
0.0936039712602,17-12-14-01-33
0.0936039712602,17-12-14-01-34
0.088725153954,17-12-14-01-35
0.088725153954,17-12-14-01-36
0.088725153954,17-12-14-01-37
0.0883259894867,17-12-14-01-38
0.0883259894867,17-12-14-01-39
0.0883259894867,17-12-14-01-40
0.0883259894867,17-12-14-01-41
0.0883259894867,17-12-14-01-42
0.0883259894867,17-12-14-01-43
0.0883259894867,17-12-14-01-44
0.0883259894867,17-12-14-01-45
0.0870819614658,17-12-14-01-46
0.0870819614658,17-12-14-01-47
0.0870819614658,17-12-14-01-48
0.0911831323438,17-12-14-01-50
0.0911831323438,17-12-14-01-51
0.0911831323438,17-12-14-01-52
0.0911831323438,17-12-14-01-53
0.0911831323438,17-12-14-01-54
0.0911831323438,17-12-14-01-55
0.0911831323438,17-12-14-01-56
0.0991550711194,17-12-14-01-57
0.0991550711194,17-12-14-01-58
0.0991550711194,17-12-14-01-59
0.0991550711194,17-12-14-02-00
0.0943931663575,17-12-14-02-01
0.0876737091411,17-12-14-02-02
0.0876737091411,17-12-14-02-03
0.0876737091411,17-12-14-02-04
0.0874924401579,17-12-14-02-05
0.0887982974737,17-12-14-02-06
0.0887982974737,17-12-14-02-07
0.0887982974737,17-12-14-02-08
0.0862244337788,17-12-14-02-09
0.0862244337788,17-12-14-02-10
0.0862244337788,17-12-14-02-11
0.0862244337788,17-12-14-02-12
0.0862244337788,17-12-14-02-13
0.0862244337788,17-12-14-02-14
0.0862244337788,17-12-14-02-15
0.0862244337788,17-12-14-02-16
0.0849926561534,17-12-14-02-17
0.082631749038,17-12-14-02-18
0.082631749038,17-12-14-02-19
0.082631749038,17-12-14-02-20
0.0770761934824,17-12-14-02-21
0.0770761934824,17-12-14-02-22
0.0781617736723,17-12-14-02-23
0.0781617736723,17-12-14-02-24
0.0781617736723,17-12-14-02-25
0.0781617736723,17-12-14-02-26
0.0781617736723,17-12-14-02-27
0.0781617736723,17-12-14-02-28
0.0792783704391,17-12-14-02-29
0.0816100872167,17-12-14-02-30
0.0827461729092,17-12-14-02-31
0.0827461729092,17-12-14-02-32
0.0815640847248,17-12-14-02-33
0.0815640847248,17-12-14-02-34
0.0817580306167,17-12-14-02-35
0.0817580306167,17-12-14-02-36
0.0817580306167,17-12-14-02-37
0.0817580306167,17-12-14-02-38
0.0817580306167,17-12-14-02-39
0.0817580306167,17-12-14-02-40
0.081507591673,17-12-14-02-41
0.081507591673,17-12-14-02-42
0.0769565811173,17-12-14-02-43
0.0769565811173,17-12-14-02-44
0.0769565811173,17-12-14-02-45
0.0769565811173,17-12-14-02-46
0.0769565811173,17-12-14-02-47
0.0745522630734,17-12-14-02-48
0.0745522630734,17-12-14-02-49
0.0745522630734,17-12-14-02-50
0.0745522630734,17-12-14-02-51
0.0745522630734,17-12-14-02-52
0.0745522630734,17-12-14-02-53
0.0745522630734,17-12-14-02-54
0.0745522630734,17-12-14-02-55
0.0745522630734,17-12-14-02-56
0.0745522630734,17-12-14-02-57
0.0745522630734,17-12-14-02-58
0.0745522630734,17-12-14-02-59
0.0745522630734,17-12-14-03-00
0.0745522630734,17-12-14-03-01
0.0745522630734,17-12-14-03-02
0.0735168149751,17-12-14-03-03
0.0735168149751,17-12-14-03-04
0.0745522630734,17-12-14-03-05
0.0745522630734,17-12-14-03-06
0.0804612594196,17-12-14-03-07
0.0804612594196,17-12-14-03-08
0.0793590503864,17-12-14-03-09
0.0793590503864,17-12-14-03-10
0.0793590503864,17-12-14-03-11
0.0793590503864,17-12-14-03-12
0.0793590503864,17-12-14-03-13
0.0793590503864,17-12-14-03-14
0.0793590503864,17-12-14-03-15
0.0793590503864,17-12-14-03-16
0.0794127569128,17-12-14-03-17
0.0794127569128,17-12-14-03-18
0.0794127569128,17-12-14-03-19
0.0751897839398,17-12-14-03-20
0.0751897839398,17-12-14-03-21
0.0751897839398,17-12-14-03-22
0.0762197809801,17-12-14-03-23
0.0762197809801,17-12-14-03-24
0.0762197809801,17-12-14-03-25
0.0762197809801,17-12-14-03-26
0.0762197809801,17-12-14-03-27
0.0762197809801,17-12-14-03-28
0.0762197809801,17-12-14-03-29
0.0762197809801,17-12-14-03-30
0.0762197809801,17-12-14-03-31
0.0762197809801,17-12-14-03-32
0.0738692981401,17-12-14-03-33
0.0758947611031,17-12-14-03-34
0.0753205089121,17-12-14-03-35
0.0753205089121,17-12-14-03-36
0.0753205089121,17-12-14-03-37
0.0753205089121,17-12-14-03-38
0.0753205089121,17-12-14-03-40
0.0742743907327,17-12-14-03-41
0.0742743907327,17-12-14-03-42
0.0742743907327,17-12-14-03-43
0.0742743907327,17-12-14-03-44
0.0742743907327,17-12-14-03-45
0.0742743907327,17-12-14-03-46
0.0742743907327,17-12-14-03-47
0.0742743907327,17-12-14-03-48
0.0742743907327,17-12-14-03-49
0.0742743907327,17-12-14-03-50
0.0742743907327,17-12-14-03-51
0.0742743907327,17-12-14-03-52
0.0729023368607,17-12-14-03-53
0.0729023368607,17-12-14-03-54
0.0668868768165,17-12-14-03-55
0.0684518220434,17-12-14-03-56
0.0684518220434,17-12-14-03-57
0.0642264699307,17-12-14-03-58
0.0642264699307,17-12-14-03-59
0.0642264699307,17-12-14-04-00
0.0580006326202,17-12-14-04-01
0.0596854152289,17-12-14-04-02
0.0578123582766,17-12-14-04-03
0.0530504535147,17-12-14-04-04
0.0530504535147,17-12-14-04-05
0.0530504535147,17-12-14-04-06
0.0530504535147,17-12-14-04-07
0.0530504535147,17-12-14-04-08
0.0530504535147,17-12-14-04-09
0.0530504535147,17-12-14-04-10
0.0530504535147,17-12-14-04-11
0.0465729238555,17-12-14-04-12
0.0514038417299,17-12-14-04-13
0.0448068394024,17-12-14-04-14
0.0435813492063,17-12-14-04-15
0.0460323295985,17-12-14-04-16
0.0460323295985,17-12-14-04-17
0.0460323295985,17-12-14-04-18
0.0422417673537,17-12-14-04-19
0.0422417673537,17-12-14-04-20
0.0422417673537,17-12-14-04-21
0.0422417673537,17-12-14-04-22
0.0416205648926,17-12-14-04-23
0.0410173683,17-12-14-04-24
0.0410173683,17-12-14-04-25
0.0410173683,17-12-14-04-26
0.0410173683,17-12-14-04-27
0.0410173683,17-12-14-04-28
0.0381013860943,17-12-14-04-29
0.03864569161,17-12-14-04-30
0.03864569161,17-12-14-04-31
0.0412529178338,17-12-14-04-32
0.0405176237162,17-12-14-04-33
0.0405176237162,17-12-14-04-34
0.0356852641554,17-12-14-04-35
0.0356852641554,17-12-14-04-36
0.0349389954987,17-12-14-04-37
0.0349389954987,17-12-14-04-38
0.0339532227032,17-12-14-04-39
0.0339532227032,17-12-14-04-40
0.036832010582,17-12-14-04-41
0.036832010582,17-12-14-04-42
0.036832010582,17-12-14-04-43
0.036832010582,17-12-14-04-44
0.0353168590669,17-12-14-04-45
0.0353168590669,17-12-14-04-46
0.036825019922,17-12-14-04-47
0.036825019922,17-12-14-04-48
0.038288823105,17-12-14-04-49
0.0377339126252,17-12-14-04-50
0.0377339126252,17-12-14-04-51
0.038288823105,17-12-14-04-52
0.038288823105,17-12-14-04-53
0.038288823105,17-12-14-04-54
0.038288823105,17-12-14-04-55
0.038288823105,17-12-14-04-56
0.038288823105,17-12-14-04-57
0.038288823105,17-12-14-04-58
0.038288823105,17-12-14-04-59
0.0360829407521,17-12-14-05-00
0.0366214921066,17-12-14-05-01
0.0366214921066,17-12-14-05-02
0.0366214921066,17-12-14-05-03
0.0366214921066,17-12-14-05-04
0.0349036359264,17-12-14-05-05
0.0349036359264,17-12-14-05-06
0.0343826861364,17-12-14-05-07
0.0269199995693,17-12-14-05-08
0.0258127268355,17-12-14-05-09
0.0258127268355,17-12-14-05-10
0.0258127268355,17-12-14-05-11
0.0258127268355,17-12-14-05-12
0.0258127268355,17-12-14-05-13
0.0258127268355,17-12-14-05-14
0.0242975753203,17-12-14-05-15
0.0242975753203,17-12-14-05-16
0.0235399995627,17-12-14-05-17
0.0210120393702,17-12-14-05-18
0.0210120393702,17-12-14-05-19
0.0210120393702,17-12-14-05-20
0.0210120393702,17-12-14-05-21
0.0223553229523,17-12-14-05-22
0.0289537193885,17-12-14-05-23
0.0289537193885,17-12-14-05-24
0.0289537193885,17-12-14-05-25
0.0289537193885,17-12-14-05-27
0.0289537193885,17-12-14-05-28
0.0289537193885,17-12-14-05-29
0.0289537193885,17-12-14-05-30
0.0293795093795,17-12-14-05-31
0.0293795093795,17-12-14-05-32
0.0289537193885,17-12-14-05-33
0.0289537193885,17-12-14-05-34
0.0289537193885,17-12-14-05-35
0.0177577749779,17-12-14-05-36
0.0177577749779,17-12-14-05-37
0.0211731018165,17-12-14-05-38
0.0211731018165,17-12-14-05-39
0.0211731018165,17-12-14-05-40
0.0211731018165,17-12-14-05-41
0.0211731018165,17-12-14-05-42
0.0211731018165,17-12-14-05-43
0.0211731018165,17-12-14-05-44
0.0211731018165,17-12-14-05-45
0.0211731018165,17-12-14-05-46
0.0211731018165,17-12-14-05-47
0.0211731018165,17-12-14-05-48
0.0244894336742,17-12-14-05-49
0.0244894336742,17-12-14-05-50
0.0244894336742,17-12-14-05-51
0.0241395846217,17-12-14-05-52
0.0241395846217,17-12-14-05-53
0.0241395846217,17-12-14-05-54
0.0241395846217,17-12-14-05-55
0.0241395846217,17-12-14-05-56
0.0241395846217,17-12-14-05-57
0.0241395846217,17-12-14-05-58
0.0237995904721,17-12-14-05-59
0.0237995904721,17-12-14-06-00
0.0237995904721,17-12-14-06-01
0.0237995904721,17-12-14-06-02
0.0237995904721,17-12-14-06-03
0.0241395846217,17-12-14-06-04
0.0241395846217,17-12-14-06-05
0.0241395846217,17-12-14-06-06
0.0244894336742,17-12-14-06-07
0.0244894336742,17-12-14-06-08
0.0244894336742,17-12-14-06-09
0.0244894336742,17-12-14-06-10
0.0244894336742,17-12-14-06-11
0.0346343612104,17-12-14-06-12
0.0346343612104,17-12-14-06-13
0.0346343612104,17-12-14-06-14
0.0346343612104,17-12-14-06-15
0.0346343612104,17-12-14-06-16
0.0346343612104,17-12-14-06-17
0.0346343612104,17-12-14-06-18
0.0356338861302,17-12-14-06-19
0.0356338861302,17-12-14-06-20
0.0356338861302,17-12-14-06-21
0.0356338861302,17-12-14-06-22
0.0356338861302,17-12-14-06-23
0.0356338861302,17-12-14-06-24
0.0356338861302,17-12-14-06-25
0.0356338861302,17-12-14-06-26
0.0356338861302,17-12-14-06-27
0.0356338861302,17-12-14-06-28
0.0356338861302,17-12-14-06-29
0.0356338861302,17-12-14-06-30
0.0356338861302,17-12-14-06-31
0.0356338861302,17-12-14-06-32
0.0356338861302,17-12-14-06-33
0.0356338861302,17-12-14-06-34
0.0359870182153,17-12-14-06-35
0.0359870182153,17-12-14-06-36
0.0359870182153,17-12-14-06-37
0.0359870182153,17-12-14-06-38
0.0359870182153,17-12-14-06-39
0.0359870182153,17-12-14-06-40
0.0359870182153,17-12-14-06-41
0.0359870182153,17-12-14-06-42
0.0359870182153,17-12-14-06-43
0.0359870182153,17-12-14-06-44
0.0336681776356,17-12-14-06-45
0.0336681776356,17-12-14-06-46
0.0336681776356,17-12-14-06-47
0.0343776798598,17-12-14-06-48
0.0343776798598,17-12-14-06-49
0.0343776798598,17-12-14-06-50
0.0398477267499,17-12-14-06-51
0.0418123992021,17-12-14-06-52
0.0528418109668,17-12-14-06-53
0.0528418109668,17-12-14-06-54
0.0528418109668,17-12-14-06-55
0.0528418109668,17-12-14-06-56
0.0528418109668,17-12-14-06-57
0.0528418109668,17-12-14-06-58
0.0528418109668,17-12-14-06-59
0.0454888697903,17-12-14-07-00
0.0495882061554,17-12-14-07-01
0.0495882061554,17-12-14-07-02
0.0495882061554,17-12-14-07-03
0.0488589678296,17-12-14-07-04
0.0488589678296,17-12-14-07-05
0.0488589678296,17-12-14-07-06
0.0488589678296,17-12-14-07-07
0.0508643154231,17-12-14-07-08
0.0552552051123,17-12-14-07-09
0.053667903525,17-12-14-07-10
0.053667903525,17-12-14-07-11
0.053667903525,17-12-14-07-12
0.0552552051123,17-12-14-07-13
0.0552552051123,17-12-14-07-14
0.0552552051123,17-12-14-07-15
0.0544456992283,17-12-14-07-16
0.053667903525,17-12-14-07-18
0.0522393320965,17-12-14-07-19
0.0522393320965,17-12-14-07-20
0.0515471485037,17-12-14-07-21
0.0515471485037,17-12-14-07-22
0.0515471485037,17-12-14-07-23
0.0508107606679,17-12-14-07-24
0.0552077922078,17-12-14-07-25
0.0552077922078,17-12-14-07-26
0.0552077922078,17-12-14-07-27
0.0552077922078,17-12-14-07-28
0.056630921895,17-12-14-07-29
0.0558443813131,17-12-14-07-30
0.070196233165,17-12-14-07-31
0.0711026359485,17-12-14-07-32
0.0722532760033,17-12-14-07-33
0.0722532760033,17-12-14-07-34
0.0722532760033,17-12-14-07-35
0.0695915233415,17-12-14-07-36
0.0695915233415,17-12-14-07-37
0.0695915233415,17-12-14-07-38
0.0695915233415,17-12-14-07-39
0.0695915233415,17-12-14-07-40
0.0666635954136,17-12-14-07-41
0.0660723791974,17-12-14-07-42
0.0660723791974,17-12-14-07-43
0.0620183251433,17-12-14-07-44
0.0620183251433,17-12-14-07-45
0.0620183251433,17-12-14-07-46
0.0611914141414,17-12-14-07-47
0.0620183251433,17-12-14-07-48
0.0620183251433,17-12-14-07-49
0.0620183251433,17-12-14-07-50
0.060666973792,17-12-14-07-51
0.060666973792,17-12-14-07-52
0.060666973792,17-12-14-07-53
0.0620183251433,17-12-14-07-54
0.0614980282275,17-12-14-07-55
0.0623521675084,17-12-14-07-56
0.0640882786195,17-12-14-07-57
0.0640882786195,17-12-14-07-58
0.0640882786195,17-12-14-07-59
0.0675605008418,17-12-14-08-00
0.0687754254878,17-12-14-08-01
0.0674055624741,17-12-14-08-02
0.0690361952862,17-12-14-08-03
0.0690361952862,17-12-14-08-04
0.0716245791246,17-12-14-08-05
0.072319023569,17-12-14-08-06
0.072319023569,17-12-14-08-07
0.072319023569,17-12-14-08-08
0.068408023901,17-12-14-08-09
0.068408023901,17-12-14-08-10
0.068408023901,17-12-14-08-11
0.068408023901,17-12-14-08-12
0.068408023901,17-12-14-08-13
0.068408023901,17-12-14-08-14
0.068408023901,17-12-14-08-15
0.0725821596244,17-12-14-08-16
0.0725821596244,17-12-14-08-17
0.0715740740741,17-12-14-08-18
0.0715740740741,17-12-14-08-19
0.0715740740741,17-12-14-08-20
0.0696801346801,17-12-14-08-21
0.0696801346801,17-12-14-08-22
0.0696801346801,17-12-14-08-23
0.0696801346801,17-12-14-08-24
0.0696801346801,17-12-14-08-25
0.0766245791246,17-12-14-08-26
0.0766245791246,17-12-14-08-27
0.0766245791246,17-12-14-08-28
0.0766245791246,17-12-14-08-29
0.0766245791246,17-12-14-08-30
0.0755749273557,17-12-14-08-31
0.0755749273557,17-12-14-08-32
0.07899958489,17-12-14-08-33
0.0844790369448,17-12-14-08-34
0.0869904524699,17-12-14-08-35
0.0864905814906,17-12-14-08-36
0.0864905814906,17-12-14-08-37
0.0945246990452,17-12-14-08-38
0.0945246990452,17-12-14-08-39
0.0945246990452,17-12-14-08-40
0.0958375420875,17-12-14-08-41
0.0958375420875,17-12-14-08-42
0.0958375420875,17-12-14-08-43
0.0958375420875,17-12-14-08-44
0.096531986532,17-12-14-08-45
0.096531986532,17-12-14-08-46
0.0972264309764,17-12-14-08-47
0.0998148148148,17-12-14-08-48
0.0998148148148,17-12-14-08-49
0.104618055556,17-12-14-08-50
0.104618055556,17-12-14-08-51
0.102570422535,17-12-14-08-52
0.0990492957746,17-12-14-08-53
0.0990492957746,17-12-14-08-54
0.0990492957746,17-12-14-08-55
0.100464285714,17-12-14-08-56
0.100464285714,17-12-14-08-57
0.100464285714,17-12-14-08-58
0.103321428571,17-12-14-08-59
0.103321428571,17-12-14-09-00
0.105387323944,17-12-14-09-01
0.105387323944,17-12-14-09-02
0.105387323944,17-12-14-09-03
0.105387323944,17-12-14-09-04
0.0942013888889,17-12-14-09-05
0.0929109589041,17-12-14-09-06
0.0929109589041,17-12-14-09-08
0.0929109589041,17-12-14-09-09
0.0916554054054,17-12-14-09-10
0.0951404040404,17-12-14-09-11
0.0951404040404,17-12-14-09-12
0.0951404040404,17-12-14-09-13
0.0951404040404,17-12-14-09-14
0.0951404040404,17-12-14-09-15
0.0952043460925,17-12-14-09-16
0.0952043460925,17-12-14-09-17
0.0945652483481,17-12-14-09-18
0.0945652483481,17-12-14-09-19
0.0945652483481,17-12-14-09-20
0.0959345308371,17-12-14-09-21
0.0959345308371,17-12-14-09-22
0.0959345308371,17-12-14-09-23
0.0972332321358,17-12-14-09-24
0.0972687035187,17-12-14-09-25
0.0972687035187,17-12-14-09-26
0.0942029291055,17-12-14-09-27
0.0942029291055,17-12-14-09-28
0.0942029291055,17-12-14-09-29
0.0929951992452,17-12-14-09-30
0.0942029291055,17-12-14-09-31
0.0942029291055,17-12-14-09-32
0.0942029291055,17-12-14-09-33
0.0942029291055,17-12-14-09-34
0.098261370664,17-12-14-09-35
0.098261370664,17-12-14-09-36
0.098261370664,17-12-14-09-37
0.0933912407938,17-12-14-09-38
0.0896858623832,17-12-14-09-39
0.0896858623832,17-12-14-09-40
0.0896858623832,17-12-14-09-41
0.0896858623832,17-12-14-09-42
0.0896858623832,17-12-14-09-43
0.0896858623832,17-12-14-09-44
0.0896858623832,17-12-14-09-45
0.0896858623832,17-12-14-09-46
0.0896858623832,17-12-14-09-47
0.0896858623832,17-12-14-09-48
0.0896858623832,17-12-14-09-49
0.0896858623832,17-12-14-09-50
0.0917678641705,17-12-14-09-51
0.0917678641705,17-12-14-09-52
0.0917678641705,17-12-14-09-53
0.0917678641705,17-12-14-09-54
0.0941488165514,17-12-14-09-55
0.0953876167692,17-12-14-09-56
0.0953876167692,17-12-14-09-57
0.0953876167692,17-12-14-09-58
0.0974928799271,17-12-14-09-59
0.0942786866813,17-12-14-10-00
0.0948294030531,17-12-14-10-01
0.0948294030531,17-12-14-10-02
0.0948294030531,17-12-14-10-03
0.0929485017147,17-12-14-10-04
0.0942314611795,17-12-14-10-05
0.0942314611795,17-12-14-10-06
0.0942314611795,17-12-14-10-07
0.0942314611795,17-12-14-10-08
0.0924605048631,17-12-14-10-09
0.0918828320802,17-12-14-10-10
0.0918828320802,17-12-14-10-11
0.090088573707,17-12-14-10-12
0.090088573707,17-12-14-10-13
0.0861013328776,17-12-14-10-14
0.0872493506494,17-12-14-10-15
0.0872493506494,17-12-14-10-16
0.0872493506494,17-12-14-10-17
0.0872493506494,17-12-14-10-18
0.0872493506494,17-12-14-10-19
0.0872493506494,17-12-14-10-20
0.0872493506494,17-12-14-10-21
0.0861013328776,17-12-14-10-22
0.0872493506494,17-12-14-10-23
0.0884283959284,17-12-14-10-24
0.0884283959284,17-12-14-10-25
0.0864018857854,17-12-14-10-26
0.0864018857854,17-12-14-10-27
0.0864018857854,17-12-14-10-28
0.0864018857854,17-12-14-10-29
0.0856313378402,17-12-14-10-30
0.0856313378402,17-12-14-10-31
0.0856313378402,17-12-14-10-32
0.0856313378402,17-12-14-10-33
0.0856313378402,17-12-14-10-34
0.0770984397547,17-12-14-10-35
0.0762637186757,17-12-14-10-36
0.0762637186757,17-12-14-10-37
0.0762637186757,17-12-14-10-38
0.0762637186757,17-12-14-10-39
0.0751210575139,17-12-14-10-40
0.0751210575139,17-12-14-10-41
0.0751210575139,17-12-14-10-42
0.0740630144503,17-12-14-10-43
0.0740630144503,17-12-14-10-44
0.0740630144503,17-12-14-10-45
0.0731730055659,17-12-14-10-46
0.0749593012621,17-12-14-10-47
0.0749593012621,17-12-14-10-48
0.0749593012621,17-12-14-10-49
0.0830578928114,17-12-14-10-50
0.0808571885861,17-12-14-10-51
0.0835536165224,17-12-14-10-52
0.087720283189,17-12-14-10-53
0.087720283189,17-12-14-10-54
0.087720283189,17-12-14-10-55
0.087720283189,17-12-14-10-56
0.087720283189,17-12-14-10-57
0.0915397276335,17-12-14-10-58
0.0915397276335,17-12-14-10-59
0.0915397276335,17-12-14-11-00
0.0902857587618,17-12-14-11-02
0.0927818971569,17-12-14-11-03
0.0915448051948,17-12-14-11-04
0.0915448051948,17-12-14-11-05
0.0906704106704,17-12-14-11-06
0.0906704106704,17-12-14-11-07
0.0919027682843,17-12-14-11-08
0.0957828520164,17-12-14-11-09
0.0945389188733,17-12-14-11-10
0.0968525224775,17-12-14-11-11
0.0968525224775,17-12-14-11-12
0.0968525224775,17-12-14-11-13
0.0968525224775,17-12-14-11-14
0.0968525224775,17-12-14-11-15
0.0968525224775,17-12-14-11-16
0.0956265411803,17-12-14-11-17
0.0956265411803,17-12-14-11-18
0.0956265411803,17-12-14-11-19
0.0956265411803,17-12-14-11-20
0.0956265411803,17-12-14-11-21
0.0956265411803,17-12-14-11-22
0.0956265411803,17-12-14-11-23
0.0942614690504,17-12-14-11-24
0.0942614690504,17-12-14-11-25
0.0942614690504,17-12-14-11-26
0.0942614690504,17-12-14-11-27
0.0942614690504,17-12-14-11-28
0.0942614690504,17-12-14-11-29
0.0942614690504,17-12-14-11-30
0.0942614690504,17-12-14-11-31
0.0937074931647,17-12-14-11-32
0.0937074931647,17-12-14-11-33
0.0937074931647,17-12-14-11-34
0.0949569264069,17-12-14-11-35
0.0949569264069,17-12-14-11-36
0.0949569264069,17-12-14-11-37
0.0949569264069,17-12-14-11-38
0.0882902597403,17-12-14-11-39
0.0816235930736,17-12-14-11-40
0.0791791486291,17-12-14-11-41
0.0781373177261,17-12-14-11-42
0.0807688966735,17-12-14-11-43
0.0807688966735,17-12-14-11-44
0.0758458152958,17-12-14-11-45
0.0758458152958,17-12-14-11-46
0.0758458152958,17-12-14-11-47
0.0758458152958,17-12-14-11-48
0.07594433527,17-12-14-11-49
0.07594433527,17-12-14-11-50
0.0741500768968,17-12-14-11-51
0.0741500768968,17-12-14-11-52
0.0741500768968,17-12-14-11-53
0.0741500768968,17-12-14-11-54
0.0751369190021,17-12-14-11-55
0.0761387445887,17-12-14-11-56
0.0771676465426,17-12-14-11-57
0.0739165223665,17-12-14-11-58
0.0739165223665,17-12-14-11-59
0.0679165223665,17-12-14-12-00
0.0697347041847,17-12-14-12-01
0.0672986866737,17-12-14-12-02
0.0672986866737,17-12-14-12-03
0.068650038025,17-12-14-12-04
0.0695904495048,17-12-14-12-05
0.0691004884755,17-12-14-12-06
0.0691004884755,17-12-14-12-07
0.071351701951,17-12-14-12-08
0.0703874897625,17-12-14-12-09
0.0703874897625,17-12-14-12-10
0.0685447379197,17-12-14-12-11
0.0685447379197,17-12-14-12-12
0.0647344727032,17-12-14-12-13
0.0647344727032,17-12-14-12-14
0.0647344727032,17-12-14-12-15
0.0661233615921,17-12-14-12-16
0.0661233615921,17-12-14-12-17
0.0652175621182,17-12-14-12-18
0.0652175621182,17-12-14-12-19
0.0652175621182,17-12-14-12-20
0.0652175621182,17-12-14-12-21
0.0652175621182,17-12-14-12-22
0.0652175621182,17-12-14-12-23
0.0652175621182,17-12-14-12-24
0.0647344727032,17-12-14-12-25
0.0647344727032,17-12-14-12-26
0.0647344727032,17-12-14-12-27
0.0647344727032,17-12-14-12-28
0.0638476991045,17-12-14-12-29
0.0638476991045,17-12-14-12-30
0.0626511393699,17-12-14-12-31
0.0730678060366,17-12-14-12-32
0.0720668771867,17-12-14-12-33
0.0722191265941,17-12-14-12-34
0.0682066949254,17-12-14-12-35
0.0682066949254,17-12-14-12-36
0.0682066949254,17-12-14-12-37
0.0682066949254,17-12-14-12-38
0.0682066949254,17-12-14-12-39
0.0682066949254,17-12-14-12-40
0.0643925500176,17-12-14-12-41
0.0649330905581,17-12-14-12-42
0.0678773794698,17-12-14-12-43
0.0678773794698,17-12-14-12-44
0.0678773794698,17-12-14-12-45
0.0674480669793,17-12-14-12-46
0.0674480669793,17-12-14-12-47
0.0665241208563,17-12-14-12-48
0.0665241208563,17-12-14-12-49
0.0665241208563,17-12-14-12-50
0.0651708622428,17-12-14-12-51
0.0651708622428,17-12-14-12-52
0.0653984036797,17-12-14-12-53
0.0653984036797,17-12-14-12-55
0.0653984036797,17-12-14-12-56
0.0653984036797,17-12-14-12-57
0.0655640624391,17-12-14-12-58
0.0655640624391,17-12-14-12-59
0.0664622002807,17-12-14-13-00
0.0697001012105,17-12-14-13-01
0.0697001012105,17-12-14-13-02
0.0708575086179,17-12-14-13-03
0.0698868578149,17-12-14-13-04
0.0680232082732,17-12-14-13-05
0.0685169948012,17-12-14-13-06
0.069468619729,17-12-14-13-07
0.069468619729,17-12-14-13-08
0.0685169948012,17-12-14-13-09
0.0685169948012,17-12-14-13-10
0.0675910894661,17-12-14-13-11
0.0741303511304,17-12-14-13-12
0.0741303511304,17-12-14-13-13
0.0724294099294,17-12-14-13-14
0.0724294099294,17-12-14-13-15
0.0724294099294,17-12-14-13-16
0.0727672477672,17-12-14-13-17
0.0727672477672,17-12-14-13-18
0.069051031551,17-12-14-13-19
0.0699969360928,17-12-14-13-20
0.0699969360928,17-12-14-13-21
0.0703394018463,17-12-14-13-22
0.0724512739924,17-12-14-13-23
0.0724512739924,17-12-14-13-24
0.0724512739924,17-12-14-13-25
0.0755262567763,17-12-14-13-26
0.0745192400192,17-12-14-13-27
0.0748525733526,17-12-14-13-28
0.0748525733526,17-12-14-13-29
0.0748525733526,17-12-14-13-30
0.0748525733526,17-12-14-13-31
0.0748525733526,17-12-14-13-32
0.0748525733526,17-12-14-13-33
0.0748525733526,17-12-14-13-34
0.0737526081276,17-12-14-13-35
0.0709957945403,17-12-14-13-36
0.0740073102052,17-12-14-13-37
0.0740073102052,17-12-14-13-38
0.0740073102052,17-12-14-13-39
0.0701878657608,17-12-14-13-40
0.0701878657608,17-12-14-13-41
0.0701878657608,17-12-14-13-42
0.073660087983,17-12-14-13-43
0.073660087983,17-12-14-13-44
0.0746975540109,17-12-14-13-45
0.0746975540109,17-12-14-13-46
0.0688839223942,17-12-14-13-47
0.0698406435386,17-12-14-13-48
0.0688839223942,17-12-14-13-49
0.0698406435386,17-12-14-13-50
0.0708243145743,17-12-14-13-51
0.0708243145743,17-12-14-13-52
0.0718360904968,17-12-14-13-53
0.0718360904968,17-12-14-13-54
0.0718360904968,17-12-14-13-55
0.0718360904968,17-12-14-13-56
0.0718360904968,17-12-14-13-57
0.0718360904968,17-12-14-13-58
0.0718360904968,17-12-14-13-59
0.0718360904968,17-12-14-14-00
0.0718360904968,17-12-14-14-01
0.0718360904968,17-12-14-14-02
0.0718360904968,17-12-14-14-03
0.0718360904968,17-12-14-14-04
0.0739489166879,17-12-14-14-05
0.0700496297004,17-12-14-14-06
0.0700496297004,17-12-14-14-07
0.0664495813263,17-12-14-14-08
0.0674206098685,17-12-14-14-09
0.0770120982078,17-12-14-14-10
0.0770120982078,17-12-14-14-11
0.0741005114167,17-12-14-14-12
0.0761392814702,17-12-14-14-13
0.0731712110443,17-12-14-14-14
0.0761392814702,17-12-14-14-15
0.0710503063764,17-12-14-14-16
0.0698188517831,17-12-14-14-17
0.0698188517831,17-12-14-14-18
0.0708307192003,17-12-14-14-19
0.0698188517831,17-12-14-14-20
0.0698188517831,17-12-14-14-21
0.0698188517831,17-12-14-14-22
0.0698188517831,17-12-14-14-23
0.0686283755927,17-12-14-14-24
0.0686283755927,17-12-14-14-25
0.0686283755927,17-12-14-14-26
0.0704786801618,17-12-14-14-27
0.0704786801618,17-12-14-14-28
0.0714855184498,17-12-14-14-29
0.0714855184498,17-12-14-14-30
0.0714855184498,17-12-14-14-31
0.071072265094,17-12-14-14-32
0.071072265094,17-12-14-14-33
0.071072265094,17-12-14-14-34
0.072117445463,17-12-14-14-35
0.072117445463,17-12-14-14-36
0.072117445463,17-12-14-14-37
0.0716272493846,17-12-14-14-38
0.0665502185723,17-12-14-14-40
0.0675435054166,17-12-14-14-41
0.0696217671218,17-12-14-14-42
0.070709607233,17-12-14-14-43
0.070709607233,17-12-14-14-44
0.081647107233,17-12-14-14-45
0.0813557914748,17-12-14-14-46
0.0904827756018,17-12-14-14-47
0.0904827756018,17-12-14-14-48
0.0797882217964,17-12-14-14-49
0.0782569357166,17-12-14-14-50
0.0770147621338,17-12-14-14-51
0.0782569357166,17-12-14-14-52
0.0738401589592,17-12-14-14-53
0.0726864064755,17-12-14-14-54
0.0769832814755,17-12-14-14-55
0.0782052383243,17-12-14-14-56
0.0782052383243,17-12-14-14-57
0.0803697404888,17-12-14-14-58
0.0835443436634,17-12-14-14-59
0.0835443436634,17-12-14-15-00
0.0825844854071,17-12-14-15-01
0.0825844854071,17-12-14-15-02
0.0825844854071,17-12-14-15-03
0.0825844854071,17-12-14-15-04
0.0825844854071,17-12-14-15-05
0.0812403993856,17-12-14-15-06
0.0812403993856,17-12-14-15-07
0.0812403993856,17-12-14-15-08
0.0799508692366,17-12-14-15-09
0.0812403993856,17-12-14-15-10
0.0731758832565,17-12-14-15-11
0.0743754879001,17-12-14-15-12
0.0743754879001,17-12-14-15-13
0.0756150793651,17-12-14-15-14
0.0756150793651,17-12-14-15-15
0.0756150793651,17-12-14-15-16
0.0756150793651,17-12-14-15-17
0.0766109573487,17-12-14-15-18
0.0766109573487,17-12-14-15-19
0.0857590838124,17-12-14-15-20
0.0857590838124,17-12-14-15-21
0.0857590838124,17-12-14-15-22
0.0871884018759,17-12-14-15-23
0.0857590838124,17-12-14-15-24
0.0778878066378,17-12-14-15-25
0.0862211399711,17-12-14-15-26
0.0862211399711,17-12-14-15-27
0.0848076786601,17-12-14-15-28
0.0848076786601,17-12-14-15-29
0.0848076786601,17-12-14-15-30
0.0848076786601,17-12-14-15-31
0.0848076786601,17-12-14-15-32
0.0848076786601,17-12-14-15-33
0.0798896458733,17-12-14-15-34
0.0812211399711,17-12-14-15-35
0.0812211399711,17-12-14-15-36
0.0825977694622,17-12-14-15-37
0.0812211399711,17-12-14-15-38
0.0812211399711,17-12-14-15-39
0.0812211399711,17-12-14-15-40
0.0812211399711,17-12-14-15-41
0.0812211399711,17-12-14-15-42
0.0747666950536,17-12-14-15-43
0.0712147824853,17-12-14-15-44
0.0712147824853,17-12-14-15-45
0.0662967496984,17-12-14-15-46
0.0662967496984,17-12-14-15-47
0.0670936531592,17-12-14-15-48
0.0670936531592,17-12-14-15-49
0.0687329974215,17-12-14-15-50
0.0654543088969,17-12-14-15-51
0.0654543088969,17-12-14-15-52
0.0654543088969,17-12-14-15-53
0.0654543088969,17-12-14-15-54
0.06053627611,17-12-14-15-55
0.0621756203723,17-12-14-15-56
0.0621756203723,17-12-14-15-57
0.0621756203723,17-12-14-15-58
0.0692373039147,17-12-14-15-59
0.0692373039147,17-12-14-16-00
0.0692373039147,17-12-14-16-01
0.0703723416838,17-12-14-16-02
0.0703723416838,17-12-14-16-03
0.0662739810281,17-12-14-16-04
0.0652050458502,17-12-14-16-05
0.0652050458502,17-12-14-16-06
0.0662739810281,17-12-14-16-07
0.0662739810281,17-12-14-16-08
0.0662739810281,17-12-14-16-09
0.0744707023396,17-12-14-16-10
0.0757118807119,17-12-14-16-11
0.0744707023396,17-12-14-16-12
0.0721065530589,17-12-14-16-13
0.0721065530589,17-12-14-16-14
0.0721065530589,17-12-14-16-15
0.0721065530589,17-12-14-16-16
0.0721065530589,17-12-14-16-17
0.0760748070272,17-12-14-16-18
0.0760748070272,17-12-14-16-19
0.0760748070272,17-12-14-16-20
0.0760748070272,17-12-14-16-21
0.0816569715007,17-12-14-16-22
0.0816569715007,17-12-14-16-23
0.085799963925,17-12-14-16-24
0.0860367063492,17-12-14-16-25
0.0860367063492,17-12-14-16-26
0.0860367063492,17-12-14-16-27
0.0899287518038,17-12-14-16-28
0.0899287518038,17-12-14-16-29
0.0899287518038,17-12-14-16-30
0.0899287518038,17-12-14-16-31
0.0899287518038,17-12-14-16-32
0.102665494228,17-12-14-16-33
0.11303481241,17-12-14-16-35
0.11303481241,17-12-14-16-36
0.11303481241,17-12-14-16-37
0.11303481241,17-12-14-16-38
0.11303481241,17-12-14-16-39
0.11303481241,17-12-14-16-40
0.112988122988,17-12-14-16-41
0.104636058386,17-12-14-16-42
0.104636058386,17-12-14-16-43
0.104636058386,17-12-14-16-44
0.104636058386,17-12-14-16-45
0.103050663562,17-12-14-16-46
0.103050663562,17-12-14-16-47
0.10683854235,17-12-14-16-48
0.108482212232,17-12-14-16-49
0.108482212232,17-12-14-16-50
0.108482212232,17-12-14-16-51
0.108482212232,17-12-14-16-52
0.108482212232,17-12-14-16-53
0.110413989223,17-12-14-16-54
0.108715312465,17-12-14-16-55
0.108715312465,17-12-14-16-56
0.108715312465,17-12-14-16-57
0.108715312465,17-12-14-16-58
0.110413989223,17-12-14-16-59
0.109242114223,17-12-14-17-00
0.106117114223,17-12-14-17-01
0.106117114223,17-12-14-17-02
0.106117114223,17-12-14-17-03
0.104164070357,17-12-14-17-04
0.104164070357,17-12-14-17-05
0.104393638769,17-12-14-17-06
0.10599969475,17-12-14-17-07
0.10599969475,17-12-14-17-08
0.10599969475,17-12-14-17-09
0.104328062071,17-12-14-17-10
0.102793825864,17-12-14-17-11
0.102793825864,17-12-14-17-12
0.0976808718657,17-12-14-17-13
0.0976808718657,17-12-14-17-14
0.0998438723974,17-12-14-17-15
0.0998438723974,17-12-14-17-16
0.0998438723974,17-12-14-17-17
0.0998438723974,17-12-14-17-18
0.0998438723974,17-12-14-17-19
0.0884153009689,17-12-14-17-20
0.0884153009689,17-12-14-17-21
0.0871700150397,17-12-14-17-22
0.0847817954496,17-12-14-17-23
0.0748482092753,17-12-14-17-24
0.0823845351756,17-12-14-17-25
0.0855209475709,17-12-14-17-26
0.0868813862564,17-12-14-17-27
0.0868813862564,17-12-14-17-28
0.085722967773,17-12-14-17-29
0.085722967773,17-12-14-17-30
0.0884563011063,17-12-14-17-31
0.0905699143693,17-12-14-17-32
0.0905699143693,17-12-14-17-33
0.0905699143693,17-12-14-17-34
0.0917775132275,17-12-14-17-35
0.0839909670008,17-12-14-17-36
0.0797775132275,17-12-14-17-37
0.0839909670008,17-12-14-17-38
0.0814441798942,17-12-14-17-39
0.0814441798942,17-12-14-17-40
0.0814441798942,17-12-14-17-41
0.0803725459482,17-12-14-17-42
0.0803725459482,17-12-14-17-43
0.0769593314093,17-12-14-17-44
0.0769593314093,17-12-14-17-45
0.0812098665224,17-12-14-17-46
0.0812098665224,17-12-14-17-47
0.0822926647427,17-12-14-17-48
0.0822926647427,17-12-14-17-49
0.0812098665224,17-12-14-17-50
0.0812098665224,17-12-14-17-51
0.0801551929312,17-12-14-17-52
0.0791275622526,17-12-14-17-53
0.0791275622526,17-12-14-17-54
0.0801551929312,17-12-14-17-55
0.0801551929312,17-12-14-17-56
0.0791275622526,17-12-14-17-57
0.0791807998612,17-12-14-17-58
0.0791807998612,17-12-14-17-59
0.0791807998612,17-12-14-18-00
0.0880415593549,17-12-14-18-01
0.0880415593549,17-12-14-18-02
0.0853785398629,17-12-14-18-03
0.0853785398629,17-12-14-18-04
0.0916285398629,17-12-14-18-05
0.0904973233214,17-12-14-18-06
0.0904973233214,17-12-14-18-07
0.0852914951989,17-12-14-18-08
0.0842513550136,17-12-14-18-09
0.0826201776804,17-12-14-18-10
0.0826201776804,17-12-14-18-11
0.0842631130583,17-12-14-18-12
0.0946683704515,17-12-14-18-13
0.0935413660414,17-12-14-18-14
0.0946683704515,17-12-14-18-16
0.0946683704515,17-12-14-18-17
0.101166726792,17-12-14-18-18
0.101166726792,17-12-14-18-19
0.104380411255,17-12-14-18-20
0.104433187295,17-12-14-18-21
0.104433187295,17-12-14-18-22
0.101119934283,17-12-14-18-23
0.101119934283,17-12-14-18-24
0.101558050383,17-12-14-18-25
0.101558050383,17-12-14-18-26
0.101558050383,17-12-14-18-27
0.0955339539978,17-12-14-18-28
0.0955339539978,17-12-14-18-29
0.0955339539978,17-12-14-18-30
0.10276286966,17-12-14-18-31
0.105050802139,17-12-14-18-32
0.105050802139,17-12-14-18-33
0.105050802139,17-12-14-18-34
0.105050802139,17-12-14-18-35
0.106031194296,17-12-14-18-36
0.106031194296,17-12-14-18-37
0.101341089466,17-12-14-18-38
0.100148841355,17-12-14-18-39
0.0980672799423,17-12-14-18-40
0.101341089466,17-12-14-18-41
0.103812823356,17-12-14-18-42
0.10509446315,17-12-14-18-43
0.10509446315,17-12-14-18-44
0.10509446315,17-12-14-18-45
0.10509446315,17-12-14-18-46
0.10509446315,17-12-14-18-47
0.10509446315,17-12-14-18-48
0.10509446315,17-12-14-18-49
0.10509446315,17-12-14-18-50
0.10509446315,17-12-14-18-51
0.10509446315,17-12-14-18-52
0.10509446315,17-12-14-18-53
0.103812823356,17-12-14-18-54
0.103812823356,17-12-14-18-55
0.103812823356,17-12-14-18-56
0.103812823356,17-12-14-18-57
0.100764042868,17-12-14-18-58
0.102008043397,17-12-14-18-59
0.100764042868,17-12-14-19-00
0.100764042868,17-12-14-19-01
0.100764042868,17-12-14-19-02
0.0954794900222,17-12-14-19-03
0.0954794900222,17-12-14-19-04
0.0935718294052,17-12-14-19-05
0.0855583613917,17-12-14-19-06
0.0855583613917,17-12-14-19-07
0.0756818181818,17-12-14-19-08
0.0756818181818,17-12-14-19-09
0.0756818181818,17-12-14-19-10
0.0743237934905,17-12-14-19-11
0.0743237934905,17-12-14-19-12
0.0752528409091,17-12-14-19-13
0.0740028409091,17-12-14-19-14
0.0708778409091,17-12-14-19-15
0.0708778409091,17-12-14-19-16
0.0708778409091,17-12-14-19-17
0.0717750287687,17-12-14-19-18
0.0717750287687,17-12-14-19-19
0.0726952214452,17-12-14-19-20
0.0726952214452,17-12-14-19-21
0.0736567599068,17-12-14-19-22
0.0727243958573,17-12-14-19-23
0.0727243958573,17-12-14-19-24
0.0765218642117,17-12-14-19-25
0.0765218642117,17-12-14-19-26
0.0765218642117,17-12-14-19-27
0.0765218642117,17-12-14-19-28
0.0765218642117,17-12-14-19-29
0.0765218642117,17-12-14-19-30
0.0765218642117,17-12-14-19-31
0.0765218642117,17-12-14-19-32
0.0774271940181,17-12-14-19-33
0.0774271940181,17-12-14-19-34
0.0774271940181,17-12-14-19-35
0.0774271940181,17-12-14-19-36
0.0774271940181,17-12-14-19-37
0.0774271940181,17-12-14-19-38
0.0774271940181,17-12-14-19-39
0.0774271940181,17-12-14-19-40
0.0774271940181,17-12-14-19-41
0.0774271940181,17-12-14-19-42
0.0774271940181,17-12-14-19-43
0.0774271940181,17-12-14-19-44
0.0774271940181,17-12-14-19-45
0.0774271940181,17-12-14-19-46
0.0774271940181,17-12-14-19-47
0.0774271940181,17-12-14-19-48
0.0774271940181,17-12-14-19-49
0.0784459728868,17-12-14-19-50
0.0794919191919,17-12-14-19-51
0.0794919191919,17-12-14-19-52
0.0820676767677,17-12-14-19-53
0.0856031090122,17-12-14-19-55
0.0856031090122,17-12-14-19-56
0.0856031090122,17-12-14-19-57
0.0856031090122,17-12-14-19-58
0.0912191919192,17-12-14-19-59
0.0892313131313,17-12-14-20-00
0.0872313131313,17-12-14-20-01
-0.0303262129492,17-12-22-00-38
-0.0303262129492,17-12-22-00-39
-0.00901473753933,17-12-22-00-40
-0.0137080482242,17-12-22-00-41
-0.0137080482242,17-12-22-00-42
-0.0137080482242,17-12-22-00-43
-0.00793490460157,17-12-22-00-44
-0.00793490460157,17-12-22-00-45
-0.00793490460157,17-12-22-00-46
-0.00806288693385,17-12-22-00-47
-0.00819506540818,17-12-22-00-48
-0.00819506540818,17-12-22-00-49
-0.00819506540818,17-12-22-00-50
-0.00819506540818,17-12-22-00-51
-0.00819506540818,17-12-22-00-52
-0.00819506540818,17-12-22-00-53
-0.00819506540818,17-12-22-00-54
-0.00819506540818,17-12-22-00-55
-0.00819506540818,17-12-22-00-56
-0.00819506540818,17-12-22-00-57
-0.00819506540818,17-12-22-00-58
-0.00819506540818,17-12-22-00-59
-0.00819506540818,17-12-22-01-00
-0.00819506540818,17-12-22-01-01
-0.00819506540818,17-12-22-01-02
1.62919517758e-06,17-12-22-01-03
1.62919517758e-06,17-12-22-01-04
0.00198573031906,17-12-22-01-05
0.000398428731762,17-12-22-01-06
0.000398428731762,17-12-22-01-07
0.000398428731762,17-12-22-01-08
0.000398428731762,17-12-22-01-09
0.000398428731762,17-12-22-01-10
0.000398428731762,17-12-22-01-11
0.000398428731762,17-12-22-01-12
0.000398428731762,17-12-22-01-13
0.000398428731762,17-12-22-01-14
0.000398428731762,17-12-22-01-15
0.000398428731762,17-12-22-01-16
0.000398428731762,17-12-22-01-17
